aruco_id,Timestamp,score,p_x,p_y,p_z,o_x,o_y,o_z,o_w,x_linear,y_linear,z_linear,x_angular,y_angular,z_angular
12,2022-05-17 15:49:54,0.9739722731283921,0.004919818854720694,-0.14849270797144798,0.5673379830864749,0.6755511819449945,0.6338503395428886,-0.2590213512399614,0.27344521797959853,0.0,0.0,0.0,0.0,0.0,0.0
12,2022-05-17 15:49:54,0.9736330188051263,0.004908896321841998,-0.14851357263633044,0.567510241237149,0.675522962404403,0.6338083359309669,-0.25913992172364647,0.2734999479668334,0.0,0.0,0.0,0.0,0.0,0.0
12,2022-05-17 15:49:54,0.9715639342412937,0.0049262949288259835,-0.1485277812043933,0.5674642807954643,0.6756067779770253,0.6337248363472605,-0.25925517699200085,0.2733771507478026,0.0,0.0,0.0,0.0,0.0,0.0
12,2022-05-17 15:49:54,0.9718355145375749,0.004918382900710397,-0.14854203567651572,0.5673248765969281,0.6757109584428445,0.6337160674809049,-0.2590667197574381,0.2733186440236209,0.0,0.0,0.0,0.0,0.0,0.0
12,2022-05-17 15:49:54,0.9710546431136867,0.004925602150618093,-0.14855613571513088,0.5674190452027775,0.6755473441284652,0.6338293007570411,-0.25913325914887747,0.2733974347825854,0.0,0.0,0.0,0.0,0.0,0.0
12,2022-05-17 15:49:54,0.9706092638511751,0.0049181292573684384,-0.14847307495996342,0.5671761215007036,0.6756173531849746,0.6336012112026936,-0.25910716774961035,0.2737775974373806,0.0,0.0,0.0,0.0,0.0,0.0
12,2022-05-17 15:49:54,0.9710917055979084,0.00489140653582605,-0.14847487513518187,0.5671969019970217,0.6756723041286128,0.6336458249051046,-0.25917294803081736,0.27347630431698533,0.0,0.0,0.0,0.0,0.0,0.0
12,2022-05-17 15:49:54,0.9726013399252544,0.004887366212918106,-0.14846753809977642,0.5672187059077057,0.6757041268365148,0.6336199090675649,-0.25881229900762165,0.2737990827079294,0.0,0.0,0.0,0.0,0.0,0.0
12,2022-05-17 15:49:54,0.9738449090667921,0.004890517360797366,-0.1484780452730465,0.5671844242297153,0.6756920298424559,0.6335439371147203,-0.25922164576354945,0.27361743168189806,0.0,0.0,0.0,0.0,0.0,0.0
12,2022-05-17 15:49:54,0.9716836015363276,0.004903956909820285,-0.14846367944490887,0.5671603939605421,0.6757038355720534,0.633511607330062,-0.25919739849707846,0.2736860949767883,0.0,0.0,0.0,0.0,0.0,0.0
12,2022-05-17 15:49:54,0.9716906209847006,0.004888375356171752,-0.14852709553648405,0.5674068870452311,0.6757986350729203,0.6335552303796887,-0.25900605457505826,0.273532152745485,0.0,0.0,0.0,0.0,0.0,0.0
12,2022-05-17 15:49:54,0.9741182304242786,0.004889271906771466,-0.1485203840875871,0.5673016958110728,0.6758344981855926,0.63354678027932,-0.2590518912758296,0.2734196881834796,0.0,0.0,0.0,0.0,0.0,0.0
12,2022-05-17 15:49:54,0.9720179406327534,0.0049134688499226096,-0.1485550293370693,0.5674571102718557,0.6757861039752052,0.6336361904741288,-0.25894366050350065,0.27343463657791167,0.0,0.0,0.0,0.0,0.0,0.0
12,2022-05-17 15:49:54,0.9720312332495372,0.004871597366166538,-0.14848402664500646,0.5671843579654001,0.6758761293462663,0.6334314334504749,-0.258800563884491,0.2738217395128719,0.0,0.0,0.0,0.0,0.0,0.0
12,2022-05-17 15:49:54,0.9720436812805933,0.004904462560986109,-0.14849642830052154,0.5671787687997716,0.6757566312570843,0.6335754746389072,-0.2591816224963744,0.2734227126782039,0.0,0.0,0.0,0.0,0.0,0.0
12,2022-05-17 15:49:54,0.9723758458515052,0.004838485953399623,-0.14844168031554114,0.5671476261491196,0.6758543437518222,0.6333699569178595,-0.25906905755128545,0.2737638163182849,0.0,0.0,0.0,0.0,0.0,0.0
12,2022-05-17 15:49:54,0.9712508470358736,0.004884525673328896,-0.14848541970008586,0.5672175298926445,0.6756606217180201,0.633630351838915,-0.2591167297349521,0.2735942650341472,0.0,0.0,0.0,0.0,0.0,0.0
12,2022-05-17 15:49:55,0.9718361190571879,0.004870559481345162,-0.14848695184542535,0.5671497971370454,0.6757862448668961,0.6334843257242346,-0.2591796601212013,0.27356254145966313,0.0,0.0,0.0,0.0,0.0,0.0
12,2022-05-17 15:49:55,0.9716306621174587,0.004870971331157367,-0.1485610663552994,0.567487419427765,0.6757423504415067,0.6335691422214513,-0.2590147170650344,0.2736307625035654,0.0,0.0,0.0,0.0,0.0,0.0
12,2022-05-17 15:49:55,0.9724680077743244,0.004887365505586331,-0.14847893096222753,0.5672302572574071,0.675725669424045,0.6334315448723934,-0.2589879406752396,0.2740155912111535,0.0,0.0,0.0,0.0,0.0,0.0
12,2022-05-17 15:49:55,0.9725253760576826,0.00488633062625359,-0.1484824102372354,0.5673180243466915,0.6757076043482108,0.6335125166381449,-0.2592067934877748,0.2736657868616245,0.0,0.0,0.0,0.0,0.0,0.0
12,2022-05-17 15:49:55,0.9731549153760631,0.0048867546661999104,-0.14846097799659408,0.5672554364020009,0.6757068674346411,0.6336582278722572,-0.2589477964612192,0.27357543431261183,0.0,0.0,0.0,0.0,0.0,0.0
12,2022-05-17 15:49:55,0.9721448410779211,0.004911239675057976,-0.14847444619535505,0.5672176766904007,0.675570873862226,0.6336523423064507,-0.25917122487778116,0.2737133165812863,0.0,0.0,0.0,0.0,0.0,0.0
12,2022-05-17 15:49:55,0.9709584407097709,0.004893786165832491,-0.14849599210168124,0.5673403508268313,0.6756790932160088,0.6336134409629551,-0.2590313421276917,0.2736686577184219,0.0,0.0,0.0,0.0,0.0,0.0
12,2022-05-17 15:49:55,0.971061080063904,0.00489271391879458,-0.14852910284579648,0.5674409301813271,0.6757660652762144,0.6336245229977902,-0.25886020445717284,0.27359017421193466,0.0,0.0,0.0,0.0,0.0,0.0
12,2022-05-17 15:49:55,0.9755819138046677,0.004886757892694525,-0.14852929506579918,0.5674301177741509,0.675741154336015,0.6336935868619801,-0.2590142003662988,0.27334588768670903,0.0,0.0,0.0,0.0,0.0,0.0
12,2022-05-17 15:49:55,0.971477285622105,0.004896308785682806,-0.14844742623746118,0.5670716036329574,0.6757379499745848,0.633492408963366,-0.2590601557487433,0.2737762342742223,0.0,0.0,0.0,0.0,0.0,0.0
12,2022-05-17 15:49:55,0.9725499376556548,0.004883173884744493,-0.14846927349251368,0.5672188862969444,0.675682876401185,0.6337298608174194,-0.258950639259938,0.2734660499466521,0.0,0.0,0.0,0.0,0.0,0.0
12,2022-05-17 15:49:55,0.9737040474467585,0.004884292070008467,-0.14848667063971535,0.5672524238471913,0.6757167453169812,0.6337313470414907,-0.25882434300944085,0.2734984814234533,0.0,0.0,0.0,0.0,0.0,0.0
12,2022-05-17 15:49:55,0.9699283615808583,0.0048985964990022526,-0.14850575254578172,0.5672786039173704,0.6756763065243175,0.6336532641203807,-0.2589874593790357,0.2736248628243344,0.0,0.0,0.0,0.0,0.0,0.0
12,2022-05-17 15:49:55,0.9720103396805188,0.004885072052314134,-0.1484554632186345,0.5670945999253122,0.6758369356829719,0.6334777706175362,-0.2589641647324856,0.27365655827056823,0.0,0.0,0.0,0.0,0.0,0.0
12,2022-05-17 15:49:55,0.9743919962280777,0.004881521796646482,-0.1484766687329688,0.5672586373477161,0.6757475649300246,0.6336456666015988,-0.2588570209485112,0.2735899128144528,0.0,0.0,0.0,0.0,0.0,0.0
12,2022-05-17 15:49:55,0.9716172931196697,0.004910883065804523,-0.1484923139099831,0.5672955586090466,0.6756490459918894,0.6336482380246299,-0.2591169715325003,0.2735811984811041,0.0,0.0,0.0,0.0,0.0,0.0
12,2022-05-17 15:49:55,0.9766337783956259,0.004873454033830751,-0.14851440031092789,0.5673083285320277,0.6757564280381464,0.6336601061133811,-0.2589174474515628,0.2734773761953106,0.0,0.0,0.0,0.0,0.0,0.0
12,2022-05-17 15:49:55,0.9719417944894572,0.004903382479470349,-0.1485107933003847,0.5674360627006064,0.6756349102571226,0.6338293982399273,-0.2588585676483244,0.27344104286613463,0.0,0.0,0.0,0.0,0.0,0.0
12,2022-05-17 15:49:55,0.9733943950713521,0.004885197991881096,-0.14850187497377915,0.567355155880604,0.6756836821551161,0.6337470848379038,-0.2589714947411859,0.2734043873830099,0.0,0.0,0.0,0.0,0.0,0.0
12,2022-05-17 15:49:55,0.9753688045412542,0.004907514156656038,-0.14850289954139329,0.5672830566981484,0.6756654523359562,0.6337409912412387,-0.25883372479820305,0.2735939609116181,0.0,0.0,0.0,0.0,0.0,0.0
12,2022-05-17 15:49:55,0.9714358200590737,0.0049000891960743545,-0.14855291203182786,0.5674475628310176,0.6757256888106855,0.6337082561683395,-0.25901620946166426,0.273348207935443,0.0,0.0,0.0,0.0,0.0,0.0
12,2022-05-17 15:49:55,0.9712148686554878,0.004883501286719173,-0.14847740115560654,0.5671313610631282,0.6757947707428057,0.6335486730452236,-0.2588504905262573,0.2737040925408883,0.0,0.0,0.0,0.0,0.0,0.0
12,2022-05-17 15:49:55,0.9728723795624098,0.004883105862591226,-0.1484849118535899,0.5672201535328103,0.6757548964103453,0.6335352726931529,-0.2591298158811388,0.27356921747971435,0.01469549462199211,0.0,0.0,0.0,0.0,0.0
12,2022-05-17 15:49:55,0.9732244446448876,0.004895858410422417,-0.14847346165309672,0.5673136303953425,0.6757349852233189,0.6334293973488676,-0.2592769818911153,0.2737240854965556,0.01469549462199211,0.0,0.0,0.0,0.0,0.0
12,2022-05-17 15:49:55,0.9701832245619566,0.004913820395563103,-0.14849344083643573,0.5671552121371941,0.675614981653677,0.6337485121527263,-0.2589755105177839,0.27356700250827193,0.01469549462199211,0.0,0.0,0.0,0.0,0.0
12,2022-05-17 15:49:55,0.9724758192568627,0.004890237914075051,-0.1485029884089827,0.5673321491152882,0.6757729823850032,0.6335833952631575,-0.2589959905153946,0.2735398223700477,0.01469549462199211,0.0,0.0,0.0,0.0,0.0
12,2022-05-17 15:49:55,0.9732618388094038,0.004884575602711997,-0.14847555442919952,0.5673031733391002,0.67568388266903,0.6337828529739429,-0.258697169572432,0.2735806287600175,0.01469549462199211,0.0,0.0,0.0,0.0,0.0
12,2022-05-17 15:49:55,0.9748184862354874,0.004847238780150724,-0.14850870030085986,0.5675018113102062,0.6758627327775573,0.6336555508899687,-0.2586725878208825,0.2734569464812155,0.01469549462199211,0.0,0.0,0.0,0.0,0.0
12,2022-05-17 15:49:56,0.9750694473503533,0.004828977878178474,-0.14840487227095034,0.5671069645260481,0.67579619596041,0.6334172259461365,-0.2593251579672364,0.2735554456511665,0.01820685714483261,0.0,0.0,0.0,0.0,0.0
12,2022-05-17 15:49:56,0.974902792601867,0.004690504811959543,-0.14836709658271852,0.567112254145482,0.6761765189374764,0.6331930060621346,-0.2583889495199708,0.27402022384773,0.019965139031410218,0.0,0.0,0.0,0.0,0.0
12,2022-05-17 15:49:56,0.9738087853149988,0.004707332708767175,-0.1483043813854266,0.5668881990945022,0.6759736845203006,0.6331865159485368,-0.2586269773309618,0.2743109557667218,0.03050963133573532,0.0,0.0,0.0,0.0,0.0
12,2022-05-17 15:49:56,0.9779167103900007,0.004588401938476882,-0.14825217246642633,0.567093625413488,0.6762597658150116,0.6329281358140221,-0.2584890232037101,0.27433215071880396,0.05862654000520706,0.0,0.0,0.0,0.0,0.0
12,2022-05-17 15:49:56,0.984518206945114,0.004471430659365495,-0.14814800244758186,0.5668693905692254,0.676187509241107,0.63282850614844,-0.25890141156809526,0.27435122241442556,0.07092931419610977,0.0,0.0,0.0,0.0,0.0
12,2022-05-17 15:49:56,0.9779918348884346,0.004416013743400647,-0.14812981064900144,0.5666992964345512,0.6759026939412146,0.6333673980032332,-0.25877174957506344,0.2739315043792588,0.07092931419610977,0.0,0.0,0.0,0.0,0.0
12,2022-05-17 15:49:56,0.9778591545662157,0.004133223579480339,-0.14763710061551144,0.5664608440815684,0.6763328154612189,0.6329529432194887,-0.25978226436488067,0.2728693268242926,0.07092931419610977,0.0,0.0,0.0,0.0,0.0
12,2022-05-17 15:49:56,0.9792124226534756,0.0031868185834449114,-0.14565918232176,0.5647701200045909,0.6767503616451154,0.6325737390993158,-0.2587989721248268,0.27364667847837926,0.07619896531105042,0.0,0.0,0.0,0.0,0.0
12,2022-05-17 15:49:56,0.9786662975785596,0.0027225634128940648,-0.14470975091887342,0.564191389332662,0.6761694134218154,0.6332558784708824,-0.2589067979358354,0.27340297496092053,0.07619896531105042,0.0,0.0,0.0,0.0,0.0
12,2022-05-17 15:49:56,0.9806328809924533,0.0021360036718433167,-0.1439213321421066,0.5634614892646825,0.6776353893813617,0.631851618206051,-0.2581780851735764,0.27371132231690887,0.07619896531105042,0.0,0.0,0.0,0.0,0.0
12,2022-05-17 15:49:56,0.9800912448032966,0.0016125545047865884,-0.14260082737789148,0.5625246323609807,0.6772701424221115,0.6319006134561407,-0.25879945369296115,0.2739153366745111,0.07619896531105042,0.0,0.0,0.0,0.0,0.0
12,2022-05-17 15:49:56,0.9799755567057551,-0.0004266404601564494,-0.1386263265481509,0.5585439408725125,0.678206882800068,0.6311439669959699,-0.258368085356904,0.273749245690673,0.07619896531105042,0.0,0.0,0.0,0.0,0.0
12,2022-05-17 15:49:56,0.9774371419443892,-0.0009758395590564034,-0.1370272361253877,0.5567923909042997,0.6782056729113013,0.6307688693322692,-0.2582410975596149,0.2747348435190288,0.07619896531105042,0.0,0.0,0.0,0.0,0.0
12,2022-05-17 15:49:56,0.9768486543897485,-0.0015612642255567316,-0.13593552108209134,0.5548437352792351,0.6790575987246756,0.630195861866162,-0.25819345042014646,0.2739892250822685,0.07619896531105042,0.0,0.0,0.0,0.0,0.0
12,2022-05-17 15:49:56,0.9799169241476489,-0.0022017720295272403,-0.13462714573828552,0.5532374590184929,0.6790206459785708,0.6303100451016841,-0.25789599304799105,0.2740982782662964,0.07619896531105042,0.0,0.0,0.0,0.0,0.0
12,2022-05-17 15:49:56,0.9826403592889901,-0.003055570648536948,-0.13270605748502545,0.5524136839588513,0.6793273196518963,0.6300963609375878,-0.25769551110481526,0.27401823345209625,0.07619896531105042,0.0,0.0,0.0,0.0,0.0
12,2022-05-17 15:49:56,0.9800193008060767,-0.0033070674149461347,-0.13108393399355692,0.5511387294034856,0.6795749341353077,0.6294688305825007,-0.25689080423929855,0.2755975597086769,0.07619896531105042,0.0,0.0,0.0,0.0,0.0
12,2022-05-17 15:49:56,0.9813250687071053,-0.0033121485239996414,-0.12995168371064827,0.548250657807134,0.6797946175883252,0.6288765761860763,-0.2585006836879077,0.27490166670157745,0.07619896531105042,0.0,0.0,0.0,0.0,0.0
12,2022-05-17 15:49:56,0.9782682293532197,-0.0034229406049454464,-0.12850565927734608,0.5477526441739516,0.6799221852389504,0.6294517310692996,-0.25768903854745845,0.2740304721855564,0.07619896531105042,0.0,0.0,0.0,0.0,0.0
12,2022-05-17 15:49:56,0.9805614207510467,-0.003334936577760993,-0.126673599751887,0.5467772019412583,0.6801213516293668,0.6290264179419036,-0.2575567706274102,0.274636527965601,0.07619896531105042,0.0,0.0,0.0,0.0,0.0
12,2022-05-17 15:49:56,0.976811396799907,-0.003194737392599152,-0.12552154133880214,0.545652723070371,0.6793858015536105,0.6293526667827921,-0.2580094880649183,0.2752839579946948,0.07619896531105042,0.0,0.0,0.0,0.0,0.0
12,2022-05-17 15:49:56,0.9794439580500935,-0.0035197570801432654,-0.12401946576059171,0.544050876345425,0.6799703658890682,0.6290991500872554,-0.2575915120048755,0.2748111602814225,0.07619896531105042,0.0,0.0,0.0,0.0,0.0
12,2022-05-17 15:49:56,0.9781814167906716,-0.003785988113184774,-0.12235090272163962,0.5436461345722481,0.6800467764772112,0.6290490981154424,-0.25724468879600076,0.27506141868562956,0.07619896531105042,0.0,0.0,0.0,0.0,0.0
12,2022-05-17 15:49:56,0.9831629198179977,-0.004315633208415169,-0.12109075318954969,0.5418651619523146,0.6804686980448341,0.6283963532563668,-0.2578095120094528,0.2749811442857779,0.07619896531105042,0.0,0.0,0.0,0.0,0.0
12,2022-05-17 15:49:57,0.9825655488529559,-0.004815697248930371,-0.11969146916390339,0.5401215176218405,0.6802750164071601,0.6284100264287478,-0.2582809775223727,0.2749866858343256,0.06917103230953216,0.0,0.0,0.0,0.0,0.0
12,2022-05-17 15:49:57,0.9799599749099708,-0.004891470838641823,-0.11817382895372268,0.5395499496974387,0.6805425645410187,0.6279391894615447,-0.25821911451190477,0.2754579479466868,0.06565446853637695,0.0,0.0,0.0,0.0,0.0
12,2022-05-17 15:49:57,0.9789367795538482,-0.004906292187960093,-0.11689799456968561,0.5375750829689998,0.6812352829805,0.6277401726669141,-0.25691689067404433,0.27541691329504814,0.06390139013528824,0.0,0.0,0.0,0.0,0.0
12,2022-05-17 15:49:57,0.9781906232588036,-0.005044340376050872,-0.11555268482227311,0.535269561382737,0.6808216840794737,0.6277645860639738,-0.2578299880897355,0.27553068107338546,0.06390139013528824,0.0,0.0,0.0,0.0,0.0
12,2022-05-17 15:49:57,0.9796291146907404,-0.0051651694154070385,-0.11383345704428319,0.5347713755705231,0.680978282201591,0.6279398318458083,-0.25736674243625424,0.2751772276896825,0.06390139013528824,0.0,0.0,0.0,0.0,0.0
12,2022-05-17 15:49:57,0.9815251762532584,-0.005308363462765833,-0.1118940894330184,0.533068975290159,0.6806192551510116,0.6281458492602082,-0.257519828516591,0.27545191866392865,0.06390139013528824,0.0,0.0,0.0,0.0,0.0
12,2022-05-17 15:49:57,0.9818813608687352,-0.005446638568531187,-0.11089472988784947,0.5315356453959705,0.6809991343233139,0.6274619744640951,-0.2576581767202164,0.27594186638081947,0.06390139013528824,0.0,0.0,0.0,0.0,0.0
12,2022-05-17 15:49:57,0.9796558336701637,-0.005937079415138341,-0.10937713498425555,0.53023619142873,0.6810754903321328,0.6275565148987146,-0.25845709716454746,0.2747888753248577,0.06390139013528824,0.0,0.0,0.0,0.0,0.0
12,2022-05-17 15:49:57,0.9761379157782692,-0.00645053196791915,-0.10798703886472005,0.5284195613657253,0.680985150692316,0.6273105766016822,-0.2584019349163635,0.27562493546794353,0.06390139013528824,0.0,0.0,0.0,0.0,0.0
12,2022-05-17 15:49:57,0.9824172620665556,-0.007552469021906691,-0.10730913236878283,0.5268557786066156,0.6816402431640315,0.6269065500812302,-0.2579916028761344,0.27530907941790267,0.06390139013528824,0.0,0.0,0.0,0.0,0.0
12,2022-05-17 15:49:57,0.9775144622009908,-0.008044712080305643,-0.10560887958705427,0.5259147337570171,0.6824138593898885,0.6260447588995307,-0.25716480396929164,0.27612596394845207,0.06390139013528824,0.0,0.0,0.0,0.0,0.0
12,2022-05-17 15:49:57,0.9818676773667477,-0.007765469203252604,-0.10359832551142677,0.5246015804842403,0.6822200281817372,0.6260129422942724,-0.2573055504362227,0.2765456254264209,0.06390139013528824,0.0,0.0,0.0,0.0,0.0
12,2022-05-17 15:49:57,0.9794418482077567,-0.007559779565140838,-0.10310150358696156,0.5233936615741301,0.6823663832164003,0.6263253425831989,-0.25712589928523955,0.2756428054765158,0.06390139013528824,0.0,0.0,0.0,0.0,0.0
12,2022-05-17 15:49:57,0.9792045242824065,-0.007534241659646923,-0.10191505483944681,0.5219311204047378,0.6822826027195514,0.6263017487111492,-0.2576338308608506,0.2754294442930058,0.06038482636213302,0.0,0.0,0.0,0.0,0.0
12,2022-05-17 15:49:57,0.978114982329077,-0.007576535472975442,-0.10009238889588139,0.5213875230464163,0.6823664839905571,0.6257951521818014,-0.25813515673162485,0.27590333432428926,0.06038482636213302,0.0,0.0,0.0,0.0,0.0
12,2022-05-17 15:49:57,0.984986505465518,-0.007352860478971944,-0.09899598573262901,0.5202266441425887,0.6819277071559768,0.626121565410061,-0.25740968353391813,0.276923531619137,0.05862654000520706,0.0,0.0,0.0,0.0,0.0
12,2022-05-17 15:49:57,0.9809052767455118,-0.007392520650341131,-0.0982666177495866,0.5185472502603009,0.6821515708766637,0.6262926599224526,-0.25848886254726955,0.2749731739948061,0.05862654000520706,0.0,0.0,0.0,0.0,0.0
12,2022-05-17 15:49:57,0.9734460955402232,-0.007445524389713179,-0.09651220025308262,0.5183274734950223,0.6821028499118987,0.6261631080440321,-0.25883530052778286,0.2750631772291524,0.05511517971754074,0.0,0.0,0.0,0.0,0.0
12,2022-05-17 15:49:57,0.9834724376654347,-0.007469043814722879,-0.09514114544901053,0.5167589046546405,0.6825007400315987,0.6255567143959506,-0.2575449346954105,0.2766625083801565,0.05511517971754074,0.0,0.0,0.0,0.0,0.0
12,2022-05-17 15:49:57,0.9834890741925797,-0.007352524913694451,-0.09421847785296075,0.5157140525682459,0.6824670809367366,0.6256303843676643,-0.2573938512448321,0.2767195528599521,0.05511517971754074,0.0,0.0,0.0,0.0,0.0
12,2022-05-17 15:49:57,0.983378965488442,-0.007677834387302232,-0.09268860031863325,0.5148305746743004,0.6822856299858648,0.6257898486906714,-0.2584609440953461,0.2758103057680053,0.05511517971754074,0.0,0.0,0.0,0.0,0.0
12,2022-05-17 15:49:57,0.9838595213201056,-0.007803053126892631,-0.09150080744051402,0.5139238784871171,0.6827903085316277,0.6252630492917293,-0.25741057788277943,0.2767368933838542,0.05511517971754074,0.0,0.0,0.0,0.0,0.0
12,2022-05-17 15:49:57,0.9873739698172868,-0.00801881417615697,-0.09067210718365304,0.511953558800441,0.6823848157110778,0.6253987007941484,-0.25881750983382124,0.27611759258578517,0.05511517971754074,0.0,0.0,0.0,0.0,0.0
12,2022-05-17 15:49:57,0.9841728267570411,-0.008111689823318953,-0.08957656873510987,0.5117865399507086,0.682741387384411,0.6255894700779462,-0.25750821037978555,0.2760281407157688,0.05511517971754074,0.0,0.0,0.0,0.0,0.0
12,2022-05-17 15:49:57,0.9603154917260073,-0.008362342971140883,-0.09366472919782115,0.5363231416159601,0.6773339971145768,0.6263655615826604,-0.27598977965604704,0.26965622770749337,0.05511517971754074,0.0,0.0,0.0,0.0,0.011818570643663406
12,2022-05-17 15:49:57,0.9851533076283322,-0.00844863184031127,-0.08739702259148877,0.5090026192754787,0.6829411595420866,0.6249833969313529,-0.258238129002898,0.2762248991176207,0.05511517971754074,0.0,0.0,0.0,0.0,0.018841295689344405
12,2022-05-17 15:49:57,0.9776786247085797,-0.00818574679398117,-0.08646209345807647,0.5075805613646486,0.6825905127821946,0.625366721056996,-0.25777336654601885,0.27665781672256046,0.05511517971754074,0.0,0.0,0.0,0.0,0.02587442547082901
12,2022-05-17 15:49:57,0.9851390720163643,-0.008046203276303687,-0.08508618267285381,0.5065496980926358,0.6825293663475676,0.6254851151332103,-0.2576124443117209,0.27669091664838474,0.05511517971754074,0.0,0.0,0.0,0.0,0.032907553017139435
12,2022-05-17 15:49:57,0.9779608982913846,-0.00795671705930573,-0.0841249699831217,0.5059716876791458,0.682773197432123,0.6255547727602027,-0.2573655744734354,0.27616109107042075,0.05511517971754074,0.0,0.0,0.0,0.0,0.05398613512516021
12,2022-05-17 15:49:57,0.9845145648293756,-0.007868698665052755,-0.08274545591245105,0.5046545020557589,0.6830351057850006,0.6251091268664025,-0.25769219380582375,0.27621795203269955,0.06390139013528824,0.0,0.0,0.0,0.0,0.09264754056930542
12,2022-05-17 15:49:58,0.9845188835269849,-0.007810667328126569,-0.08154423773577535,0.5035482570236199,0.6828429367165385,0.6251324530996817,-0.2583388781046047,0.2760361641480366,0.06565446853637695,0.0,0.0,0.0,0.0,0.11023035943508148
12,2022-05-17 15:49:58,0.9841188607801232,-0.007950206250191097,-0.08057487722844361,0.5014307921375134,0.6825656548118134,0.6249360570670187,-0.25888487583919345,0.27665442796126316,0.06565446853637695,0.0,0.0,0.0,0.0,0.1137365162372589
12,2022-05-17 15:49:58,0.9811556133224464,-0.00789328341214257,-0.07924168124112606,0.5004965000008714,0.6830730969191285,0.6246399580333724,-0.25869630136230354,0.27624679320282036,0.06565446853637695,0.0,0.0,0.0,0.0,0.1137365162372589
12,2022-05-17 15:49:58,0.9846400508526639,-0.007187257096074826,-0.07789192857312166,0.5001152442861918,0.6833863281811244,0.6248532743856835,-0.2575378807366301,0.27607200497387563,0.06565446853637695,0.0,0.0,0.0,0.0,0.1137365162372589
12,2022-05-17 15:49:58,0.9866151120767648,-0.00630749204660303,-0.07684297164112469,0.4984672217555616,0.6831238001031524,0.6248015623494434,-0.2574174083131401,0.2769497414977475,0.06565446853637695,0.0,0.0,0.0,0.0,0.1137365162372589
12,2022-05-17 15:49:58,0.987566298867442,-0.004786617109412138,-0.07551357421013388,0.49747452689360894,0.682909456074537,0.6254446488943505,-0.2568397982572454,0.2765628030024648,0.06565446853637695,0.0,0.0,0.0,0.0,0.12428621649742126
12,2022-05-17 15:49:58,0.9846531365331702,-0.0033300100717783975,-0.07393453715999386,0.49644933462445096,0.6820766450695163,0.6260806070021752,-0.25751316974572785,0.27655287233006465,0.06565446853637695,0.0,0.0,0.0,0.0,0.13834206461906431
12,2022-05-17 15:49:58,0.9867821965833781,-0.0014926792536579486,-0.07313415135400861,0.49541877940348455,0.681908822867042,0.6264571486042861,-0.257993856786432,0.2756645935174388,0.06565446853637695,0.0,0.0,0.0,0.0,0.18754275441169738
12,2022-05-17 15:49:58,0.9893250835230466,0.00020000385373299373,-0.0718257594499898,0.49374732913941655,0.6809222119317935,0.6272540143205584,-0.2580805805395334,0.2762096246784966,0.06565446853637695,0.0,0.0,0.0,0.0,0.19457588195800782
12,2022-05-17 15:49:58,0.9873777875133739,0.001816263854024914,-0.07040858746085721,0.4933028975781591,0.680359850190121,0.628060526451064,-0.25873281193341446,0.2751504704562883,0.06565446853637695,0.0,0.0,0.0,0.0,0.19457588195800782
12,2022-05-17 15:49:58,0.9852726806661434,0.003570409750129309,-0.06957431217333233,0.4924141249009791,0.6797920921444037,0.6285411950014911,-0.25878844456550665,0.2754037374535753,0.07092931419610977,0.0,0.0,0.0,0.0,0.15943105816841124
12,2022-05-17 15:49:58,0.9901769316602804,0.006016649696400156,-0.06842929409369046,0.4916548937553341,0.6800761163584994,0.6287811190936481,-0.257522194300622,0.2753417870078441,0.07444067895412444,0.0,0.0,0.0,0.0,0.0
12,2022-05-17 15:49:58,0.9863342616924737,0.009267044327289775,-0.0670554753485572,0.4910113673876252,0.678558336165414,0.6302142215385493,-0.25877924148051384,0.27463052191946014,0.07795724272727966,0.0,0.0,0.0,0.0,0.0
12,2022-05-17 15:49:58,0.9898554728155179,0.012199654398483507,-0.06645516794624165,0.4901148661821896,0.6773060318607674,0.6313961542421838,-0.25952830437969193,0.2743000088206412,0.09201830327510833,0.0,0.0,0.0,0.0,0.0
12,2022-05-17 15:49:58,0.9849501704378428,0.015034651096854,-0.06532829051575752,0.4879756619895121,0.6753507948030477,0.6334514750282199,-0.2612471596044236,0.2727461353384963,0.09552966356277466,0.0,0.0,0.0,0.0,0.0
12,2022-05-17 15:49:58,0.9851696740553887,0.014826717118907203,-0.06333552479847808,0.48612389669177253,0.674557081582913,0.6336139275750093,-0.26346573473822404,0.27219834879764016,0.10080451369285583,0.0,0.0,0.0,0.0,0.0
12,2022-05-17 15:49:58,0.9829049365020545,0.013920531733603546,-0.06231540213682213,0.48484149093091095,0.6749625192755582,0.6331510102684879,-0.26367663591655555,0.2720662188528982,0.10080451369285583,0.0,0.0,0.0,0.0,0.0
12,2022-05-17 15:49:58,0.9850646975215307,0.012772258218308486,-0.06134818409824568,0.48252934545649645,0.676310416320984,0.6320880144164226,-0.2628365485146686,0.27200351389593813,0.10080451369285583,0.0,0.0,0.0,0.0,0.0
12,2022-05-17 15:49:58,0.9846656705541331,0.013210246050149482,-0.0592750530185127,0.48103702526436987,0.6766315260964788,0.6319269143364286,-0.26187442079641565,0.2725067715895001,0.10080451369285583,0.0,0.0,0.0,0.0,0.0
12,2022-05-17 15:49:58,0.9856950933498336,0.013427980033430837,-0.05674838296008065,0.4794693914851411,0.6758173245742141,0.6319739569515679,-0.2625502612976401,0.2737649024854543,0.10431587398052215,0.0,0.0,0.0,0.0,0.0
12,2022-05-17 15:49:58,0.9830581534837153,0.013923961233718083,-0.055213909088408786,0.4779206019456173,0.6761913818041136,0.6321254422133519,-0.26272196261476993,0.27232298992237375,0.10431587398052215,0.0,0.0,0.0,0.0,0.0
12,2022-05-17 15:49:58,0.9865712256302834,0.014046075299516781,-0.053044221545791866,0.47600641101421265,0.6759553063373369,0.6328208012243683,-0.2619169162354495,0.2720694513572925,0.10431587398052215,0.0,0.0,0.0,0.0,0.0
12,2022-05-17 15:49:58,0.9876162234460828,0.014140352356706604,-0.050378687275796745,0.47367437199552953,0.6753806727744318,0.6323620935668537,-0.26351700770596087,0.27301632938745274,0.10431587398052215,0.0,0.0,0.0,0.0,0.0
12,2022-05-17 15:49:58,0.9878999785875829,0.014473234711053324,-0.048475022237445486,0.47189192777788985,0.675495621001678,0.6328132148802132,-0.26233004764236756,0.27282970363301634,0.10431587398052215,0.0,0.0,0.0,0.0,0.0
12,2022-05-17 15:49:58,0.9887679287559682,0.014660912174829415,-0.044187424800404024,0.4673264548481869,0.6759858001104654,0.6323674418770564,-0.2622074461927436,0.2727670648446421,0.09552966356277466,0.0,0.0,0.0,0.0,0.0
12,2022-05-17 15:49:58,0.9897928498181728,0.014968270556140922,-0.042340820517336834,0.4646612609972468,0.6759717989650152,0.6322412163051068,-0.26203024065494296,0.2732642025428009,0.09377137720584869,0.0,0.0,0.0,0.0,0.0
12,2022-05-17 15:49:58,0.9834882038629893,0.015753606674739126,-0.040306693416681354,0.4632025181396908,0.6759433970041593,0.6323507251851939,-0.26223583457594457,0.27288358592721335,0.09377137720584869,0.0,0.0,0.0,0.0,0.0
12,2022-05-17 15:49:58,0.9893517961532287,0.01690836740836124,-0.03723076652834636,0.46101977324611326,0.6757386980913711,0.6326920365109794,-0.26122642641972177,0.27356672490884215,0.09377137720584869,0.0,0.0,0.0,0.0,0.0
12,2022-05-17 15:49:59,0.9880961262620057,0.01707668948475933,-0.03555413416857358,0.4588719459532108,0.6751924881243992,0.6331509139089121,-0.2627435794302271,0.272398303344357,0.09201830327510833,0.0,0.0,0.0,0.0,0.0
12,2022-05-17 15:49:59,0.9869733618385728,0.01703558646246725,-0.034157192690594744,0.4566302996291813,0.6756686466509995,0.6330715826609754,-0.2621370855486622,0.27198602820731077,0.08850173950195313,0.0,0.0,0.0,0.0,0.0
12,2022-05-17 15:49:59,0.98911651051632,0.01760635927017337,-0.03159293131099985,0.4544941768643831,0.6753208780502732,0.6331556988313561,-0.2615062542384939,0.27325821433387404,0.07619896531105042,0.0,0.0,0.0,0.0,0.0
12,2022-05-17 15:49:59,0.989583526066495,0.01837555226122003,-0.02978745481043256,0.4525485944071717,0.6752161145876462,0.6332660250733789,-0.26169819115133536,0.27307763884478753,0.07619896531105042,0.0,0.0,0.0,0.0,0.0
12,2022-05-17 15:49:59,0.9888231735388077,0.018786223102561048,-0.02767486035634515,0.4503390128109995,0.6744359269208124,0.6341383593497087,-0.26267361545857515,0.2720428154200088,0.07444067895412444,0.0,0.0,0.0,0.0,0.0
11,2022-05-17 15:50:04,0.9932464431389252,0.020036755417686902,-0.21164053720987241,0.6237036428743898,0.6749693707438436,0.6361506784401446,-0.2579211367301674,0.27056487226841164,0.15,0.0,0.0,0.0,0.0,0.0
11,2022-05-17 15:50:04,0.9958492563454489,0.020328736466364787,-0.20968168772423154,0.620460126301124,0.6756294223873712,0.6362833264813759,-0.25704608519698313,0.2694359332591097,0.15,0.0,0.0,0.0,0.0,0.0
11,2022-05-17 15:50:04,0.9963866159119378,0.020798616915156415,-0.20772234730506142,0.6166567517173678,0.675698854033779,0.6364636081695878,-0.25704125603958405,0.26883996508476965,0.15,0.0,0.0,0.0,0.0,0.0
11,2022-05-17 15:50:04,0.9930155306228919,0.021149536792634736,-0.20344520295885038,0.6143119280372393,0.6754239154504768,0.6358853372278909,-0.2585596634418831,0.2694425222138092,0.15,0.0,0.0,0.0,0.0,0.0
11,2022-05-17 15:50:04,0.9964184862889403,0.021579337258029234,-0.20240926505899007,0.6121807818520436,0.6756481943079963,0.6359608710233503,-0.2569482293147664,0.27024229037582537,0.15,0.0,0.0,0.0,0.0,0.0
11,2022-05-17 15:50:04,0.9908169594764815,0.02307673312821255,-0.1956814996111515,0.6053205264016556,0.6749450919792068,0.6369133743986968,-0.25834125779675515,0.26842181514406815,0.15,0.0,0.0,0.0,0.0,0.0
11,2022-05-17 15:50:04,0.9917924669761924,0.02253054806471419,-0.19111850730331156,0.6020974003253576,0.6756293062494076,0.6358661242375379,-0.25808860313906234,0.2694245451212709,0.15,0.0,0.0,0.0,0.0,0.0
11,2022-05-17 15:50:04,0.9938753122327876,0.02299558684100787,-0.1905085960346022,0.5985430196236506,0.675888339325232,0.6365671116054625,-0.25664581898060385,0.268496161585662,0.15,0.0,0.0,0.0,0.0,0.0
11,2022-05-17 15:50:04,0.9954291761372701,0.02340302564791974,-0.1870558055054238,0.5967368036031511,0.6746678365216153,0.6369883663342004,-0.2591138578533065,0.26819608533031536,0.15,0.0,0.0,0.0,0.0,0.0
11,2022-05-17 15:50:04,0.9965559248099811,0.023908139933449257,-0.18177823305202667,0.5944710757985234,0.6756498664035409,0.6358281275305958,-0.25781879654723744,0.26972081569049905,0.15,0.0,0.0,0.0,0.0,0.0
11,2022-05-17 15:50:04,0.9948964788288394,0.024296558464189558,-0.1803495404203177,0.5904819118109347,0.6759711452852321,0.6358753311210491,-0.25784066519254456,0.268782003464767,0.15,0.0,0.0,0.0,0.0,0.0
11,2022-05-17 15:50:04,0.991739177257492,0.024645883519503104,-0.17841598753660287,0.5865119042167194,0.675783033700866,0.6361811338210159,-0.25806863995464574,0.2683121939163784,0.15,0.0,0.0,0.0,0.0,0.0
11,2022-05-17 15:50:04,0.9909841821118591,0.02495259288210173,-0.1741001813586988,0.5852715400114176,0.6751156798204148,0.6366059903727477,-0.25964221812258564,0.2674650452872976,0.15,0.0,0.0,0.0,0.0,0.0
11,2022-05-17 15:50:04,0.9991170117825834,0.02541258439382753,-0.17332385229901512,0.5834482984850837,0.6758647527270418,0.6362033736867249,-0.2572521503333702,0.26883718953988,0.15,0.0,0.0,0.0,0.0,0.0
11,2022-05-17 15:50:04,0.9956069696754215,0.026600025865258885,-0.17182735133192767,0.5766852172143354,0.6750950216687931,0.6382714882564691,-0.2569919081507473,0.2661040738920054,0.15,0.0,0.0,0.0,0.0,0.0
11,2022-05-17 15:50:04,0.9938346103164345,0.026549188669774022,-0.1662079926696023,0.5766452322044391,0.6739564099579295,0.6377689999752876,-0.2592005547311027,0.26804576582037193,0.15,0.0,0.0,0.0,0.0,0.0
11,2022-05-17 15:50:04,0.9956766691686296,0.02700447435913075,-0.1609343936370857,0.5685278041152826,0.6757823559044526,0.6366908372239459,-0.257248830804507,0.2678918145315619,0.15,0.0,0.0,0.0,0.0,0.0
11,2022-05-17 15:50:04,0.9956991163668913,0.027452571120386307,-0.1575468832550067,0.5676855252239107,0.6738536666391365,0.6376885643560141,-0.2602139641579156,0.26751303464276377,0.15,0.0,0.0,0.0,0.0,0.0
11,2022-05-17 15:50:04,0.9976937375878089,0.027751435765812432,-0.1527110377553373,0.5658241190372523,0.6752789557691526,0.636856867327088,-0.2575840869193015,0.2684438499939986,0.15,0.0,0.0,0.0,0.0,0.0
11,2022-05-17 15:50:04,0.9971153327160119,0.028104324041866382,-0.15128115361153152,0.5615624024232508,0.6752176077308357,0.6371374493152019,-0.25751245535330325,0.26800072430551164,0.15,0.0,0.0,0.0,0.0,0.0
11,2022-05-17 15:50:04,0.9953522875905507,0.028303418955771934,-0.14962291203070252,0.5589278290901538,0.6755853160565143,0.6372403306242294,-0.25755814708700864,0.26678276298113696,0.15,0.0,0.0,0.0,0.0,0.0
11,2022-05-17 15:50:05,0.9967871325877832,0.028010286739663468,-0.14483449442608237,0.5560931510200877,0.6750500467253819,0.6367998806853827,-0.2585150384732265,0.26825980179357517,0.15,0.0,0.0,0.0,0.0,0.0
11,2022-05-17 15:50:05,0.9990635858073146,0.028927773762505667,-0.1435718917110225,0.5534613876290371,0.6756776945270532,0.6366021649485591,-0.2575346494768215,0.26809185183489675,0.15,0.0,0.0,0.0,0.0,0.0
11,2022-05-17 15:50:05,0.9954667369420179,0.030245473593885106,-0.14200017362790573,0.548483288269043,0.6749873984901011,0.6378081492818718,-0.25790888450984367,0.2666004198798027,0.15,0.0,0.0,0.0,0.0,0.0
11,2022-05-17 15:50:05,0.9947322494521625,0.030333377548341454,-0.13619423280778942,0.5476112721158404,0.6741744308173194,0.6373535819551646,-0.2603396543952706,0.2673808384129567,0.15,0.0,0.0,0.0,0.0,0.0
11,2022-05-17 15:50:05,0.999424600999816,0.030455637006010457,-0.13297449148448606,0.5445433777814956,0.6750775433439823,0.6369048085924645,-0.2585181290368362,0.2679383366070333,0.15,0.0,0.0,0.0,0.0,0.0
11,2022-05-17 15:50:05,0.9982632218086669,0.03096852885668999,-0.13182586063894866,0.5405698972938083,0.6750700795986839,0.6374486163540479,-0.2583928311851479,0.26678229688466987,0.15,0.0,0.0,0.0,0.0,0.0
11,2022-05-17 15:50:05,0.9987359576053458,0.031287784705769574,-0.12727261059036307,0.5393531080772795,0.6738301576134192,0.6373943237530505,-0.26134767540888704,0.2671680880951863,0.15,0.0,0.0,0.0,0.0,0.0
11,2022-05-17 15:50:05,0.998159073447996,0.031607753838129624,-0.12311727411452143,0.5368014092958567,0.6743910074526486,0.63705331593231,-0.25996926371306467,0.26791010367497786,0.15,0.0,0.0,0.0,0.0,0.0
11,2022-05-17 15:50:05,0.9986379510021638,0.031994206963579096,-0.1219570415984631,0.5331586821241359,0.6749855194863638,0.6369971040958922,-0.2592035743459147,0.26728775674069455,0.15,0.0,0.0,0.0,0.0,0.0
11,2022-05-17 15:50:05,0.9946622981383021,0.03236096059595007,-0.11934748520501567,0.53008585096229,0.674715417579599,0.6373440147906675,-0.2592580050945443,0.2670898704280981,0.15,0.0,0.0,0.0,0.0,0.0
11,2022-05-17 15:50:05,0.9986073222249027,0.032082996036590976,-0.1149447384967569,0.5273359822327993,0.674022332421569,0.6378117377948953,-0.2596980253054654,0.2672957503973561,0.15,0.0,0.0,0.0,0.0,0.0
11,2022-05-17 15:50:05,0.9993505304451051,0.03317335602438727,-0.11407802663623699,0.5246462756793001,0.6756350109881065,0.6371887988996898,-0.25668286863642203,0.2676222551142728,0.15,0.0,0.0,0.0,0.0,0.0
11,2022-05-17 15:50:05,0.996778892017016,0.0338757194392649,-0.11163255325001369,0.5211332525290966,0.6740611733139452,0.6385873388078589,-0.25928759814487673,0.26573988558962164,0.15,0.0,0.0,0.0,0.0,0.0
11,2022-05-17 15:50:05,0.9935573555545026,0.03387498821787392,-0.10576669091008599,0.5192028433218493,0.6733627439384002,0.6379023183505259,-0.2607062274569771,0.26776017307270267,0.15,0.0,0.0,0.0,0.0,0.0
11,2022-05-17 15:50:05,0.997172872450076,0.033821867377631744,-0.1033856377397652,0.5156380880310643,0.6741545425120092,0.6374839111856916,-0.259880164619785,0.2675672173996852,0.15,0.0,0.0,0.0,0.0,0.0
11,2022-05-17 15:50:05,0.9972709540160247,0.03440412313485037,-0.10154262796835585,0.512474222358049,0.6743278657654241,0.6378253141425989,-0.2589132051719731,0.2672540931000289,0.15,0.0,0.0,0.0,0.0,0.0
11,2022-05-17 15:50:05,0.9965717272192564,0.034691834166565176,-0.09673024747014312,0.5104880421099293,0.6731783538729599,0.63751590720062,-0.26113010028140976,0.2687293111480087,0.15,0.0,0.0,0.0,0.0,0.0
11,2022-05-17 15:50:05,0.9972655462567493,0.035070245463733885,-0.09342162873570335,0.5077582442857985,0.673421042605361,0.637904934306785,-0.2601735984899843,0.26812514393867903,0.15,0.0,0.0,0.0,0.0,0.0
11,2022-05-17 15:50:05,0.9972379083505079,0.0352384899270562,-0.09180666554834489,0.5044655597750695,0.6738052140846725,0.6380096284599918,-0.2592993960022603,0.2677574848580616,0.15,0.0,0.0,0.0,0.0,0.0
11,2022-05-17 15:50:05,0.9985605965745835,0.03559567395640231,-0.08849377466954769,0.5016329109250357,0.6735292806511748,0.637777929819409,-0.2602316836942638,0.26809903234146354,0.15,0.0,0.0,0.0,0.0,0.0
11,2022-05-17 15:50:05,0.9984721823687581,0.03558077663861679,-0.08533255000465789,0.49863837317990584,0.6738895794820591,0.6380983981079644,-0.2598492822934019,0.2667988371210551,0.15,0.0,0.0,0.0,0.0,0.0
11,2022-05-17 15:50:05,0.9993531757502264,0.036722283858903214,-0.08399837069445447,0.49538178396453714,0.6749576766574062,0.637528183906296,-0.25553998913988446,0.2696094645904777,0.15,0.0,0.0,0.0,0.0,0.0
11,2022-05-17 15:50:05,0.9974220019996631,0.03784015147592673,-0.08013836546802833,0.49261408668214013,0.6727407071188956,0.6396138296915665,-0.2600280898377868,0.2658937425885908,0.15,0.0,0.0,0.0,0.0,0.0
11,2022-05-17 15:50:05,0.9970414967400889,0.03789315412146213,-0.07571240974402127,0.48959307710926814,0.6728016418598596,0.638016983519056,-0.2616336021680729,0.2679927940607371,0.15,0.0,0.0,0.0,0.0,0.0
11,2022-05-17 15:50:05,0.9989058386251516,0.037807064521486404,-0.07372412616417441,0.48656818102896765,0.6737824824674956,0.6375821841053305,-0.26056249231661943,0.26760663749086455,0.15,0.0,0.0,0.0,0.0,0.0
11,2022-05-17 15:50:05,0.9963882921570523,0.03834797479411918,-0.07057897457231192,0.483881749134444,0.6728320718039184,0.6385196578240184,-0.259923934614815,0.26838255893164686,0.15,0.0,0.0,0.0,0.0,0.0
11,2022-05-17 15:50:05,0.9980502576698497,0.03917130410190035,-0.061205968928683456,0.4753597910917624,0.6728253210467914,0.6382907191514462,-0.2602372770928913,0.26864028888960345,0.15,0.0,0.0,0.0,0.0,0.0
11,2022-05-17 15:50:05,0.9979403245661567,0.03950630556606301,-0.05747033017922215,0.4722780532866372,0.6731347105704346,0.6380565127093117,-0.2594206870246138,0.26921080059716496,0.15,0.0,0.0,0.0,0.0,0.0
11,2022-05-17 15:50:06,0.9977094669487909,0.03975667028088587,-0.05564155380492372,0.46806467451989014,0.6730972305950833,0.6384060791685316,-0.2596629482691119,0.268240469620235,0.15,0.0,0.0,0.0,0.0,0.0
11,2022-05-17 15:50:06,0.9981425013905083,0.040775080912228846,-0.05349043534362884,0.4646672847482225,0.6726924682421809,0.6389668097454042,-0.2567157647710364,0.27074577620351686,0.15,0.0,0.0,0.0,0.0,0.0
11,2022-05-17 15:50:06,0.9994238245975244,0.04096582226961183,-0.04858074857044092,0.4635938192568776,0.6725766509228551,0.639339988114732,-0.2601877147942919,0.266809634947793,0.15,0.0,0.0,0.0,0.0,0.0
11,2022-05-17 15:50:06,0.9979964650132783,0.04099582816499717,-0.045514060305255,0.4596873937803611,0.6727356439511228,0.6381573905627064,-0.2600924167599612,0.269321059280236,0.15,0.0,0.0,0.0,0.0,0.0
11,2022-05-17 15:50:06,0.9962684325227739,0.041165765581871155,-0.04372131629011892,0.45686448324176343,0.6731621386044983,0.6380832581077858,-0.26043128554937733,0.2681007951854492,0.15,0.0,0.0,0.0,0.0,0.0
11,2022-05-17 15:50:06,0.9983549603719001,0.04175087215105997,-0.03923040558503966,0.4545325808073614,0.6714972735643597,0.6395237337025506,-0.2600272171359357,0.2692334525561815,0.15,0.0,0.0,0.0,0.0,0.0
11,2022-05-17 15:50:06,0.9971890547756991,0.04210194416064626,-0.03572517350775158,0.45199575475994674,0.6725073320493443,0.6382773022407999,-0.26009014289889815,0.26960914552535137,0.15,0.0,0.0,0.0,0.0,0.0
15,2022-05-17 15:50:10,0.9799939322954004,0.06295911637560647,-0.2119518631233047,0.6159247430022065,0.6595718858438876,0.652503413142034,-0.2656493055144526,0.26198219352090135,0.15,0.0,0.0,0.0,0.0,0.0
15,2022-05-17 15:50:10,0.9801041509505611,0.06284601268782947,-0.21181004332567155,0.6135076785469067,0.659803945671869,0.6523463686616077,-0.2649794942624288,0.26246682874274774,0.15,0.0,0.0,0.0,0.0,0.0
15,2022-05-17 15:50:10,0.9739466927653523,0.06295357256540556,-0.20938101207595927,0.6098913258669981,0.6595820847323407,0.6530706414148438,-0.2652312921956635,0.2609646958160479,0.15,0.0,0.0,0.0,0.0,0.0
15,2022-05-17 15:50:10,0.959531563847596,0.06321070111697878,-0.2026642223081139,0.6080516227461921,0.6587165729086971,0.6524352631871129,-0.2667634616897629,0.2631690700532234,0.15,0.0,0.0,0.0,0.0,0.0
15,2022-05-17 15:50:10,0.953736128398531,0.06374983910385293,-0.20123290369582433,0.6069258644878949,0.6587017067927897,0.6517230155302778,-0.2650302307016864,0.2666986113773331,0.15,0.0,0.0,0.0,0.0,0.0
15,2022-05-17 15:50:11,0.989048867856116,0.06425134435189762,-0.1925029751157518,0.5988157923871201,0.6609141413191814,0.6515325683014909,-0.26378276233437065,0.26290010373151473,0.15,0.0,0.0,0.0,0.0,0.0
15,2022-05-17 15:50:11,0.9626284104098979,0.06609883920704288,-0.1823275823109226,0.5881111979166201,0.6588231540364257,0.6522111765786376,-0.2646666682196127,0.26556390489849097,0.15,0.0,0.0,0.0,0.0,0.0
15,2022-05-17 15:50:11,0.9518297867844767,0.06641929395075574,-0.18125240606249204,0.5796466921664426,0.6571676949474947,0.6561695924621938,-0.2708246301197784,0.25342870075403956,0.15,0.0,0.0,0.0,0.0,0.0
15,2022-05-17 15:50:11,0.9665180807467961,0.06673350016448075,-0.18014914375932647,0.5784338725871937,0.6595651067708844,0.6551985637834683,-0.2676472858550827,0.25308821055276387,0.15,0.0,0.0,0.0,0.0,0.0
15,2022-05-17 15:50:11,0.9838348527559818,0.06697752048953284,-0.17420734239446392,0.5801038763360811,0.6589466127420504,0.65298565142549,-0.2664830184499285,0.261506981677396,0.15,0.0,0.0,0.0,0.0,0.0
15,2022-05-17 15:50:11,0.9930589177769862,0.06720447299459281,-0.17153844492383388,0.5768045626465503,0.6594095281066382,0.6529380286300959,-0.26490841176702123,0.2620582728820045,0.15,0.0,0.0,0.0,0.0,0.0
15,2022-05-17 15:50:11,0.9836403987362756,0.06751394364141583,-0.17056475055591974,0.573248747111414,0.6600128430544191,0.6529578285633449,-0.2642781255140664,0.2611248618876337,0.15,0.0,0.0,0.0,0.0,0.0
15,2022-05-17 15:50:11,0.9772949141204196,0.06760613834016173,-0.1654601349502452,0.5710824976442019,0.6587912329217336,0.6533635836898903,-0.2647868101269918,0.26267486388335365,0.15,0.0,0.0,0.0,0.0,0.0
15,2022-05-17 15:50:11,0.9920718838580629,0.06792642234403722,-0.16250768992828485,0.5679332610479086,0.6585445898522051,0.6530477565707039,-0.26602799573807195,0.26282457323839836,0.15,0.0,0.0,0.0,0.0,0.0
15,2022-05-17 15:50:11,0.9903577285496471,0.06738144454032578,-0.16341433220784254,0.5629904612582851,0.6601574710376017,0.6532929042187244,-0.26243498891052636,0.26177924158770594,0.15,0.0,0.0,0.0,0.0,0.0
15,2022-05-17 15:50:11,0.9697799038690447,0.06882009711373727,-0.15847645961789736,0.5620848707504217,0.6571387898637088,0.6543340239689617,-0.26604444560255924,0.263127248488395,0.15,0.0,0.0,0.0,0.0,0.0
15,2022-05-17 15:50:11,0.991300024307225,0.0692865724984009,-0.15270847570019028,0.5592501244101712,0.6584638049090936,0.6535401893805746,-0.26478351685748447,0.26305955160310024,0.15,0.0,0.0,0.0,0.0,0.0
15,2022-05-17 15:50:11,0.9869193150846025,0.06898697959551542,-0.153051228045405,0.5551268082237475,0.6581996613025755,0.6537733569978345,-0.265293993574556,0.26262654190736445,0.15,0.0,0.0,0.0,0.0,0.0
15,2022-05-17 15:50:11,0.9748419675886819,0.06933285546511321,-0.15049578576046055,0.5529813432766223,0.658577821897499,0.6539674389446296,-0.2650255858880607,0.2614637262215134,0.15,0.0,0.0,0.0,0.0,0.0
15,2022-05-17 15:50:11,0.9905645824679099,0.06941727376664164,-0.14355476606823275,0.550347932510122,0.6579682734991492,0.6533777658742346,-0.26527558445775806,0.2642046752431485,0.15,0.0,0.0,0.0,0.0,0.0
15,2022-05-17 15:50:11,0.9908670205703222,0.06996613910760684,-0.1422806247720248,0.5479209770683655,0.6587812251929572,0.6533436360188506,-0.26464095024184986,0.262896477842562,0.15,0.0,0.0,0.0,0.0,0.0
15,2022-05-17 15:50:11,0.9830683827434845,0.07029930081053551,-0.14079664045842344,0.5443322030917733,0.6589493598491007,0.6537093572364266,-0.2642951919101801,0.2619119488476224,0.15,0.0,0.0,0.0,0.0,0.0
15,2022-05-17 15:50:11,0.9893940699846361,0.0703135702851103,-0.13524004212742854,0.5423407007007619,0.6580447737610113,0.6533149028845519,-0.2657432093565843,0.2636991848217028,0.15,0.0,0.0,0.0,0.0,0.0
15,2022-05-17 15:50:11,0.9917701464998641,0.07093054819416009,-0.13324766467129262,0.5399879204653242,0.6582508320110787,0.65281020569517,-0.26603767912158915,0.26413752248507,0.15,0.0,0.0,0.0,0.0,0.0
15,2022-05-17 15:50:11,0.9923169278790069,0.07099311288635232,-0.13346993757554837,0.5343884592278588,0.6595590972728568,0.6539872928551776,-0.26211423000301065,0.26187506261287835,0.15,0.0,0.0,0.0,0.0,0.0
15,2022-05-17 15:50:11,0.9768375803413786,0.0721137526558836,-0.12713189158998972,0.5330158955067114,0.6562195616563117,0.6549541868997488,-0.2655609210727213,0.26436394830062404,0.15,0.0,0.0,0.0,0.0,0.0
15,2022-05-17 15:50:11,0.9929881783111697,0.07197186133685154,-0.12320981130884456,0.5305183805429241,0.6581847530901547,0.6531366046834167,-0.2661961978928854,0.263334370429768,0.15,0.0,0.0,0.0,0.0,0.0
15,2022-05-17 15:50:11,0.9944951255907124,0.07181365700261509,-0.12307884106080329,0.5264585979135578,0.6587389047761283,0.6539224990773557,-0.26363775927371375,0.26257104261496217,0.15,0.0,0.0,0.0,0.0,0.0
15,2022-05-17 15:50:11,0.9782002361146026,0.07208939728992518,-0.11936378097842239,0.5246198284256454,0.6569838037703267,0.6541166559903765,-0.26697583862597385,0.2631113519584406,0.15,0.0,0.0,0.0,0.0,0.0
15,2022-05-17 15:50:11,0.9957626330022772,0.07250779737631857,-0.11347537090046252,0.5223716774965272,0.6580000797572032,0.653156322559923,-0.2657042127647709,0.2642422840095158,0.15,0.0,0.0,0.0,0.0,0.0
15,2022-05-17 15:50:11,0.9944636399708703,0.07284693223651806,-0.11234362946557278,0.5188370627409973,0.6582173761214225,0.653321063009377,-0.2647061606350802,0.26429552194837225,0.15,0.0,0.0,0.0,0.0,0.0
15,2022-05-17 15:50:11,0.9881620465426334,0.07335360012339318,-0.1104105012086855,0.516431577031492,0.6585462392076266,0.6539025450241954,-0.2647820988078664,0.26195181348345903,0.15,0.0,0.0,0.0,0.0,0.0
15,2022-05-17 15:50:11,0.9872107562569894,0.07344950894400636,-0.10465943795616402,0.513457797721226,0.6570009819062781,0.6537070207172458,-0.2661729912843759,0.26489390244000743,0.15,0.0,0.0,0.0,0.0,0.0
15,2022-05-17 15:50:12,0.9956083886517211,0.07398968533647575,-0.10350285183887885,0.5102374153221915,0.6573592540825889,0.6527286305860933,-0.2668356952645601,0.26574961452063234,0.15,0.0,0.0,0.0,0.0,0.0
15,2022-05-17 15:50:12,0.993239738200661,0.07405356694841488,-0.10326027909579714,0.5052741862710247,0.6583428046044644,0.6543252049103485,-0.26343707160617025,0.26276260606890817,0.15,0.0,0.0,0.0,0.0,0.0
15,2022-05-17 15:50:12,0.9824854693185716,0.07486257625331201,-0.09640772607666222,0.5046123353446375,0.6569061867671979,0.6542913394418173,-0.26595570913097993,0.26390275803607954,0.15,0.0,0.0,0.0,0.0,0.0
15,2022-05-17 15:50:12,0.9981693354253678,0.07471464228097321,-0.0931024929374873,0.5015675719437507,0.6574834396058482,0.653363826998012,-0.26551003973841714,0.265208700861565,0.15,0.0,0.0,0.0,0.0,0.0
15,2022-05-17 15:50:12,0.9972991118355327,0.07467762992523297,-0.0926981953051387,0.496875715121036,0.6582394840557311,0.6535816386149398,-0.2641140877846111,0.2641885158918873,0.15,0.0,0.0,0.0,0.0,0.0
15,2022-05-17 15:50:12,0.9913773267503618,0.07541112126662922,-0.08803902168206719,0.496604600481577,0.656943479956129,0.654532995974663,-0.26586177208918793,0.26330465143092274,0.15,0.0,0.0,0.0,0.0,0.0
15,2022-05-17 15:50:12,0.9971619207478457,0.07551343985557965,-0.0829186398668808,0.4928765787930176,0.6566082164183553,0.653111181374147,-0.26674838769709536,0.26675219316244164,0.15,0.0,0.0,0.0,0.0,-0.025864020735025407
15,2022-05-17 15:50:12,0.9970947982422678,0.07609591640445479,-0.08212026237902836,0.49006034376363,0.657731301367485,0.6535140639208307,-0.2648189287750245,0.26491477577055556,0.15,0.0,0.0,0.0,0.0,-0.061008860170841214
15,2022-05-17 15:50:12,0.9934200486226538,0.07617803478209487,-0.07914426008602174,0.48764537830652144,0.6573859605408008,0.6542919995055578,-0.26508684128505783,0.2635804333488705,0.15,0.0,0.0,0.0,0.0,-0.061008860170841214
15,2022-05-17 15:50:12,0.9968258398011601,0.07624270340149682,-0.07427305078512096,0.48398933776374486,0.6567863514401103,0.6535337286663417,-0.26545664659206514,0.2665672951386793,0.15,0.0,0.0,0.0,0.0,-0.06804198771715164
15,2022-05-17 15:50:12,0.9970206486786517,0.07652965891854804,-0.07384286657528631,0.48035797052293683,0.6574021737506338,0.6536123978609555,-0.2648341083623612,0.2654733703374155,0.15,0.0,0.0,0.0,0.0,-0.08209784030914306
15,2022-05-17 15:50:12,0.9925533297071355,0.07621318977802179,-0.07221856904089982,0.47715884195876296,0.6571322836546308,0.654808466629075,-0.2644789703693261,0.2635410936497581,0.15,0.0,0.0,0.0,0.0,-0.09967026114463806
15,2022-05-17 15:50:12,0.9976555067805066,0.07585905380446403,-0.06626430723566482,0.47588585724693727,0.6571619708400199,0.6541313407599594,-0.26554674690802815,0.26407434241857425,0.15,0.0,0.0,0.0,0.0,-0.10670338869094849
15,2022-05-17 15:50:12,0.9643135613098177,0.07951779079936167,-0.06743497490030186,0.4948362232726434,0.6577969706086987,0.6497790691278623,-0.2810508748713408,0.2571005883217725,0.15,0.0,0.0,0.0,0.0,-0.1102199524641037
15,2022-05-17 15:50:12,0.9962468559837753,0.07450323908845943,-0.0621745059555163,0.46983505035934053,0.658383890683803,0.6535133969867055,-0.26373741039285326,0.26437373320023,0.15,0.0,0.0,0.0,0.0,-0.1102199524641037
15,2022-05-17 15:50:12,0.9984300854652289,0.0741331928787494,-0.05704690119873662,0.46850637284502394,0.6574775675071362,0.6536530950621593,-0.26531323361568454,0.26470694665790023,0.15,0.0,0.0,0.0,0.0,-0.11724268198013305
15,2022-05-17 15:50:12,0.997162018967214,0.07307554924631889,-0.05443213452391046,0.46525818334561236,0.6589517140648937,0.6516808843300431,-0.2644757408284808,0.26673441105897433,0.15,0.0,0.0,0.0,0.0,-0.11724268198013305
15,2022-05-17 15:50:12,0.9937940680184268,0.07172570405270341,-0.052998052362178666,0.4623974542721101,0.6597370814763013,0.651965822805642,-0.2644021028280031,0.2641572963948269,0.15,0.0,0.0,0.0,0.0,-0.11724268198013305
15,2022-05-17 15:50:12,0.9955544867125007,0.07009761173559376,-0.048618296164263844,0.4606623179521904,0.6596760728334813,0.651840093644261,-0.2646514907887389,0.26437011872020383,0.15,0.0,0.0,0.0,0.0,-0.12427580952644347
15,2022-05-17 15:50:12,0.9623257443307917,0.06985593868983224,-0.04730821723314221,0.46761348931537594,0.6591803329830541,0.6440785074936727,-0.29372875490395245,0.2537076729932442,0.15,0.0,0.0,0.0,0.0,-0.13481510281562806
15,2022-05-17 15:50:12,0.9948007403753598,0.06681180163601533,-0.044689374501461605,0.4528278569153457,0.6623814637675214,0.6487771160719382,-0.2617762481201104,0.26797807007054286,0.15,0.0,0.0,0.0,0.0,-0.13481510281562806
15,2022-05-17 15:50:12,0.9953768602302285,0.0665057249684299,-0.04120453897144403,0.45163215434807874,0.6618391398434769,0.6508513837925419,-0.26251562939814094,0.26352793686491377,0.15,0.0,0.0,0.0,0.0,-0.13833166658878326
15,2022-05-17 15:50:12,0.9931595776333301,0.06445798939641878,-0.037448138913338785,0.4491067327102647,0.6633103617845051,0.6484268290543606,-0.26251691266943317,0.2657948116015905,0.15,0.0,0.0,0.0,0.0,-0.15590407848358154
22,2022-05-17 15:50:17,0.9974777669702366,0.07717483661363762,0.28889326925015696,1.0957916200105173,0.9092514549462762,-0.016574958203665488,0.028086169470931475,0.41496774515988205,0.15,0.0,0.0,0.0,0.0,0.0
22,2022-05-17 15:50:17,0.9523236639201375,0.07914200559628178,0.3019096787840616,1.0713394918189671,0.907923108278397,-0.013538313220017549,0.03273632152795496,0.4176370155794015,0.15,0.0,0.0,0.0,0.0,0.0
