S.no,time_stamp,X,Y,Z,X_O,Y_O,Z_O
1,2022-06-12 16:07:28.767440080,0.0,0.0,0.0,0.0,0.0,0.0
2,2022-06-12 16:07:28.767733335,0.0,0.0,0.0,0.0,0.0,0.0
3,2022-06-12 16:07:28.786141157,0.0,0.0,0.0,0.0,0.0,0.0
4,2022-06-12 16:07:28.804745912,0.0,0.0,0.0,0.0,0.0,0.0
5,2022-06-12 16:07:28.823216676,0.0,0.0,0.0,0.0,0.0,0.0
6,2022-06-12 16:07:28.843259334,0.0,0.0,0.0,0.0,0.0,0.0
7,2022-06-12 16:07:28.863063573,0.0,0.0,0.0,0.0,0.0,0.0
8,2022-06-12 16:07:28.884869337,0.0,0.0,0.0,0.0,0.0,0.0
9,2022-06-12 16:07:28.904955387,0.0,0.0,0.0,0.0,0.0,0.0
10,2022-06-12 16:07:28.923672914,0.0,0.0,0.0,0.0,0.0,0.0
11,2022-06-12 16:07:28.947455167,0.0,0.0,0.0,0.0,0.0,0.0
12,2022-06-12 16:07:28.967506408,0.0,0.0,0.0,0.0,0.0,0.0
13,2022-06-12 16:07:28.988038301,0.0,0.0,0.0,0.0,0.0,0.0
14,2022-06-12 16:07:29.9295463,0.0,0.0,0.0,0.0,0.0,0.0
15,2022-06-12 16:07:29.27669429,0.0,0.0,0.0,0.0,0.0,0.0
16,2022-06-12 16:07:29.47716856,0.0,0.0,0.0,0.0,0.0,0.0
17,2022-06-12 16:07:29.67941188,0.0,0.0,0.0,0.0,0.0,0.0
18,2022-06-12 16:07:29.87905645,0.0,0.0,0.0,0.0,0.0,0.0
19,2022-06-12 16:07:29.110620021,0.0,0.0,0.0,0.0,0.0,0.0
20,2022-06-12 16:07:29.128471136,0.0,0.0,0.0,0.0,0.0,0.0
21,2022-06-12 16:07:29.148207664,0.0,0.0,0.0,0.0,0.0,0.0
22,2022-06-12 16:07:29.168475627,0.0,0.0,0.0,0.0,0.0,0.0
23,2022-06-12 16:07:29.188485860,0.0,0.0,0.0,0.0,0.0,0.0
24,2022-06-12 16:07:29.210575103,0.0,0.0,0.0,0.0,0.0,0.0
25,2022-06-12 16:07:29.228775262,0.0,0.0,0.0,0.0,0.0,0.0
26,2022-06-12 16:07:29.248776197,0.0,0.0,0.0,0.0,0.0,0.0
27,2022-06-12 16:07:29.268942594,0.0,0.0,0.0,0.0,0.0,0.0
28,2022-06-12 16:07:29.289016008,0.0,0.0,0.0,0.0,0.0,0.0
29,2022-06-12 16:07:29.310619115,0.0,0.0,0.0,0.0,0.0,0.0
30,2022-06-12 16:07:29.331337690,0.0,0.0,0.0,0.0,0.0,0.0
31,2022-06-12 16:07:29.351388216,0.0,0.0,0.0,0.0,0.0,0.0
32,2022-06-12 16:07:29.372836112,0.0,0.0,0.0,0.0,0.0,0.0
33,2022-06-12 16:07:29.393654108,0.0,0.0,0.0,0.0,0.0,0.0
34,2022-06-12 16:07:29.412089347,0.0,0.0,0.0,0.0,0.0,0.0
35,2022-06-12 16:07:29.434485197,0.0,0.0,0.0,0.0,0.0,0.0
36,2022-06-12 16:07:29.455388307,0.0,0.0,0.0,0.0,0.0,0.0
37,2022-06-12 16:07:29.474570274,0.0,0.0,0.0,0.0,0.0,0.0
38,2022-06-12 16:07:29.493990659,0.0,0.0,0.0,0.0,0.0,0.0
39,2022-06-12 16:07:29.514348030,0.0,0.0,0.0,0.0,0.0,0.0
40,2022-06-12 16:07:29.534570932,0.0,0.0,0.0,0.0,0.0,0.0
41,2022-06-12 16:07:29.556144714,0.0,0.0,0.0,0.0,0.0,0.0
42,2022-06-12 16:07:29.574694156,0.0,0.0,0.0,0.0,0.0,0.0
43,2022-06-12 16:07:29.596727609,0.0,0.0,0.0,0.0,0.0,0.0
44,2022-06-12 16:07:29.615138769,0.0,0.0,0.0,0.0,0.0,0.0
45,2022-06-12 16:07:29.634660959,0.0,0.0,0.0,0.0,0.0,0.0
46,2022-06-12 16:07:29.656871080,0.0,0.0,0.0,0.0,0.0,0.0
47,2022-06-12 16:07:29.676432609,0.0,0.0,0.0,0.0,0.0,0.0
48,2022-06-12 16:07:29.695058107,0.0,0.0,0.0,0.0,0.0,0.0
49,2022-06-12 16:07:29.716840028,0.0,0.0,0.0,0.0,0.0,0.0
50,2022-06-12 16:07:29.735493421,0.0,0.0,0.0,0.0,0.0,0.0
51,2022-06-12 16:07:29.755640268,0.0,0.0,0.0,0.0,0.0,0.0
52,2022-06-12 16:07:29.777354955,0.0,0.0,0.0,0.0,0.0,0.0
53,2022-06-12 16:07:29.795798778,0.0,0.0,0.0,0.0,0.0,0.0
54,2022-06-12 16:07:29.817932128,0.0,0.0,0.0,0.0,0.0,0.0
55,2022-06-12 16:07:29.835990667,0.0,0.0,0.0,0.0,0.0,0.0
56,2022-06-12 16:07:29.857569932,0.0,0.0,0.0,0.0,0.0,0.0
57,2022-06-12 16:07:29.876265764,0.0,0.0,0.0,0.0,0.0,0.0
58,2022-06-12 16:07:29.896383047,0.0,0.0,0.0,0.0,0.0,0.0
59,2022-06-12 16:07:29.918288946,0.0,0.0,0.0,0.0,0.0,0.0
60,2022-06-12 16:07:29.936324357,0.0,0.0,0.0,0.0,0.0,0.0
61,2022-06-12 16:07:29.958317756,0.0,0.0,0.0,0.0,0.0,0.0
62,2022-06-12 16:07:29.976727247,0.0,0.0,0.0,0.0,0.0,0.0
63,2022-06-12 16:07:29.997053623,0.0,0.0,0.0,0.0,0.0,0.0
64,2022-06-12 16:07:30.21131515,0.0,0.0,0.0,0.0,0.0,0.0
65,2022-06-12 16:07:30.37002325,0.0,0.0,0.0,0.0,0.0,0.0
66,2022-06-12 16:07:30.60687303,0.0,0.0,0.0,0.0,0.0,0.0
67,2022-06-12 16:07:30.77293634,0.0,0.0,0.0,0.0,0.0,0.0
68,2022-06-12 16:07:30.97382068,0.0,0.0,0.0,0.0,0.0,0.0
69,2022-06-12 16:07:30.118904352,0.0,0.0,0.0,0.0,0.0,0.0
70,2022-06-12 16:07:30.137583732,0.0,0.0,0.0,0.0,0.0,0.0
71,2022-06-12 16:07:30.157608032,0.0,0.0,0.0,0.0,0.0,0.0
72,2022-06-12 16:07:30.177864074,0.0,0.0,0.0,0.0,0.0,0.0
73,2022-06-12 16:07:30.198042392,0.0,0.0,0.0,0.0,0.0,0.0
74,2022-06-12 16:07:30.219584226,0.0,0.0,0.0,0.0,0.0,0.0
75,2022-06-12 16:07:30.238150596,0.0,0.0,0.0,0.0,0.0,0.0
76,2022-06-12 16:07:30.259851932,0.0,0.0,0.0,0.0,0.0,0.0
77,2022-06-12 16:07:30.278424263,0.0,0.0,0.0,0.0,0.0,0.0
78,2022-06-12 16:07:30.286457538,0.0,0.0,0.0,0.0,0.0,0.0
79,2022-06-12 16:07:30.293374061,0.0,0.0,0.0,0.0,0.0,0.0
80,2022-06-12 16:07:30.297516584,0.0,0.0,0.0,0.0,0.0,0.0
81,2022-06-12 16:07:30.304497718,0.0,0.0,0.0,0.0,0.0,0.0
82,2022-06-12 16:07:30.305844545,0.0,0.0,0.0,0.0,0.0,0.0
83,2022-06-12 16:07:30.309753656,0.0,0.0,0.0,0.0,0.0,0.0
84,2022-06-12 16:07:30.313324213,0.0,0.0,0.0,0.0,0.0,0.0
85,2022-06-12 16:07:30.318827629,0.0,0.0,0.0,0.0,0.0,0.0
86,2022-06-12 16:07:30.322893381,0.0,0.0,0.0,0.0,0.0,0.0
87,2022-06-12 16:07:30.325156450,0.0,0.0,0.0,0.0,0.0,0.0
88,2022-06-12 16:07:30.333490371,0.0,0.0,0.0,0.0,0.0,0.0
89,2022-06-12 16:07:30.337423086,0.01117892973124981,0.0,0.0,0.0,0.0,0.0
90,2022-06-12 16:07:30.349415063,0.012937212735414505,0.0,0.0,0.0,0.0,0.0
91,2022-06-12 16:07:30.361948251,0.01469549462199211,0.0,0.0,0.0,0.0,0.0
92,2022-06-12 16:07:30.383329629,0.01469549462199211,0.0,0.0,0.0,0.0,0.0
93,2022-06-12 16:07:30.402917146,0.01469549462199211,0.0,0.0,0.0,0.0,0.0
94,2022-06-12 16:07:30.425131797,0.01469549462199211,0.0,0.0,0.0,0.0,0.0
95,2022-06-12 16:07:30.451676130,0.01469549462199211,0.0,0.0,0.0,0.0,0.0
96,2022-06-12 16:07:30.467607259,0.01469549462199211,0.0,0.0,0.0,0.0,0.0
97,2022-06-12 16:07:30.489713907,0.01469549462199211,0.0,0.0,0.0,0.0,0.0
98,2022-06-12 16:07:30.513260364,0.01469549462199211,0.0,0.0,0.0,0.0,0.0
99,2022-06-12 16:07:30.533313989,0.01469549462199211,0.0,0.0,0.0,0.0,0.0
100,2022-06-12 16:07:30.547677755,0.01469549462199211,0.0,0.0,0.0,0.0,0.0
101,2022-06-12 16:07:30.567390203,0.01469549462199211,0.0,0.0,0.0,0.0,0.0
102,2022-06-12 16:07:30.589256763,0.01469549462199211,0.0,0.0,0.0,0.0,0.0
103,2022-06-12 16:07:30.608085155,0.01469549462199211,0.0,0.0,0.0,0.0,0.0
104,2022-06-12 16:07:30.609909296,0.01820685714483261,0.0,0.0,0.0,0.0,0.0
105,2022-06-12 16:07:30.629401683,0.01820685714483261,0.0,0.0,0.0,0.0,0.0
106,2022-06-12 16:07:30.642195224,0.019965139031410218,0.0,0.0,0.0,0.0,0.0
107,2022-06-12 16:07:30.649296998,0.02348170503973961,0.0,0.0,0.0,0.0,0.0
108,2022-06-12 16:07:30.654851436,0.025239986926317213,0.0,0.0,0.0,0.0,0.0
109,2022-06-12 16:07:30.657332897,0.028751349449157713,0.0,0.0,0.0,0.0,0.0
110,2022-06-12 16:07:30.663458347,0.03050963133573532,0.0,0.0,0.0,0.0,0.0
111,2022-06-12 16:07:30.664993286,0.03402619510889053,0.0,0.0,0.0,0.0,0.0
112,2022-06-12 16:07:30.669304609,0.03753755986690521,0.0,0.0,0.0,0.0,0.0
113,2022-06-12 16:07:30.673272132,0.041054123640060426,0.0,0.0,0.0,0.0,0.0
114,2022-06-12 16:07:30.677178859,0.04281240552663803,0.0,0.0,0.0,0.0,0.0
115,2022-06-12 16:07:30.686077594,0.04632377028465271,0.0,0.0,0.0,0.0,0.0
116,2022-06-12 16:07:30.687006235,0.048082052171230315,0.0,0.0,0.0,0.0,0.0
117,2022-06-12 16:07:30.691071987,0.05159861594438553,0.0,0.0,0.0,0.0,0.0
118,2022-06-12 16:07:30.693310022,0.05335689783096313,0.0,0.0,0.0,0.0,0.0
119,2022-06-12 16:07:30.697308063,0.05511517971754074,0.0,0.0,0.0,0.0,0.0
120,2022-06-12 16:07:30.703713893,0.05862654000520706,0.0,0.0,0.0,0.0,0.0
121,2022-06-12 16:07:30.705141067,0.06038482636213302,0.0,0.0,0.0,0.0,0.0
122,2022-06-12 16:07:30.713537931,0.06390139013528824,0.0,0.0,0.0,0.0,0.0
123,2022-06-12 16:07:30.718999147,0.06565446853637695,0.0,0.0,0.0,0.0,0.0
124,2022-06-12 16:07:30.725207090,0.06917103230953216,0.0,0.0,0.0,0.0,0.0
125,2022-06-12 16:07:30.748570203,0.07092931419610977,0.0,0.0,0.0,0.0,0.0
126,2022-06-12 16:07:30.767051458,0.07092931419610977,0.0,0.0,0.0,0.0,0.0
127,2022-06-12 16:07:30.793695211,0.07092931419610977,0.0,0.0,0.0,0.0,0.0
128,2022-06-12 16:07:30.812839508,0.07092931419610977,0.0,0.0,0.0,0.0,0.0
129,2022-06-12 16:07:30.830843925,0.07092931419610977,0.0,0.0,0.0,0.0,0.0
130,2022-06-12 16:07:30.844287157,0.07444067895412444,0.0,0.0,0.0,0.0,0.0
131,2022-06-12 16:07:30.866573095,0.07444067895412444,0.0,0.0,0.0,0.0,0.0
132,2022-06-12 16:07:30.877172470,0.07619896531105042,0.0,0.0,0.0,0.0,0.0
133,2022-06-12 16:07:30.897441625,0.07619896531105042,0.0,0.0,0.0,0.0,0.0
134,2022-06-12 16:07:30.915852546,0.07619896531105042,0.0,0.0,0.0,0.0,0.0
135,2022-06-12 16:07:30.935921430,0.07619896531105042,0.0,0.0,0.0,0.0,0.0
136,2022-06-12 16:07:30.956554412,0.07619896531105042,0.0,0.0,0.0,0.0,0.0
137,2022-06-12 16:07:30.977340936,0.07619896531105042,0.0,0.0,0.0,0.0,0.0
138,2022-06-12 16:07:31.1332283,0.07619896531105042,0.0,0.0,0.0,0.0,0.0
139,2022-06-12 16:07:31.21106004,0.07619896531105042,0.0,0.0,0.0,0.0,0.0
140,2022-06-12 16:07:31.42463064,0.07619896531105042,0.0,0.0,0.0,0.0,0.0
141,2022-06-12 16:07:31.64487218,0.07619896531105042,0.0,0.0,0.0,0.0,0.0
142,2022-06-12 16:07:31.86092233,0.07619896531105042,0.0,0.0,0.0,0.0,0.0
143,2022-06-12 16:07:31.102851867,0.07619896531105042,0.0,0.0,0.0,0.0,0.0
144,2022-06-12 16:07:31.124530076,0.07619896531105042,0.0,0.0,0.0,0.0,0.0
145,2022-06-12 16:07:31.144734621,0.07619896531105042,0.0,0.0,0.0,0.0,0.0
146,2022-06-12 16:07:31.164536237,0.07619896531105042,0.0,0.0,0.0,0.0,0.0
147,2022-06-12 16:07:31.184177398,0.07619896531105042,0.0,0.0,0.0,0.0,0.0
148,2022-06-12 16:07:31.204754829,0.07619896531105042,0.0,0.0,0.0,0.0,0.0
149,2022-06-12 16:07:31.225653648,0.07619896531105042,0.0,0.0,0.0,0.0,0.0
150,2022-06-12 16:07:31.246152877,0.07619896531105042,0.0,0.0,0.0,0.0,0.0
151,2022-06-12 16:07:31.267435073,0.07619896531105042,0.0,0.0,0.0,0.0,0.0
152,2022-06-12 16:07:31.287945032,0.07619896531105042,0.0,0.0,0.0,0.0,0.0
153,2022-06-12 16:07:31.306288719,0.07619896531105042,0.0,0.0,0.0,0.0,0.0
154,2022-06-12 16:07:31.326972723,0.07619896531105042,0.0,0.0,0.0,0.0,0.0
155,2022-06-12 16:07:31.348880290,0.07619896531105042,0.0,0.0,0.0,0.0,0.0
156,2022-06-12 16:07:31.369550228,0.07619896531105042,0.0,0.0,0.0,0.0,0.0
157,2022-06-12 16:07:31.387409687,0.07619896531105042,0.0,0.0,0.0,0.0,0.0
158,2022-06-12 16:07:31.408064603,0.07619896531105042,0.0,0.0,0.0,0.0,0.0
159,2022-06-12 16:07:31.431357145,0.07619896531105042,0.0,0.0,0.0,0.0,0.0
160,2022-06-12 16:07:31.451999187,0.07619896531105042,0.0,0.0,0.0,0.0,0.0
161,2022-06-12 16:07:31.470399379,0.07619896531105042,0.0,0.0,0.0,0.0,0.0
162,2022-06-12 16:07:31.489578962,0.07619896531105042,0.0,0.0,0.0,0.0,0.0
163,2022-06-12 16:07:31.510390043,0.07619896531105042,0.0,0.0,0.0,0.0,0.0
164,2022-06-12 16:07:31.530970811,0.07619896531105042,0.0,0.0,0.0,0.0,0.0
165,2022-06-12 16:07:31.549849033,0.07619896531105042,0.0,0.0,0.0,0.0,0.0
166,2022-06-12 16:07:31.553722143,0.06917103230953216,0.0,0.0,0.0,0.0,0.0
167,2022-06-12 16:07:31.573735237,0.06917103230953216,0.0,0.0,0.0,0.0,0.0
168,2022-06-12 16:07:31.589706659,0.06565446853637695,0.0,0.0,0.0,0.0,0.0
169,2022-06-12 16:07:31.609848737,0.06390139013528824,0.0,0.0,0.0,0.0,0.0
170,2022-06-12 16:07:31.629822015,0.06390139013528824,0.0,0.0,0.0,0.0,0.0
171,2022-06-12 16:07:31.649901866,0.06390139013528824,0.0,0.0,0.0,0.0,0.0
172,2022-06-12 16:07:31.670205593,0.06390139013528824,0.0,0.0,0.0,0.0,0.0
173,2022-06-12 16:07:31.690428018,0.06390139013528824,0.0,0.0,0.0,0.0,0.0
174,2022-06-12 16:07:31.695039510,0.06390139013528824,0.0,0.0,0.0,0.0,0.0
175,2022-06-12 16:07:31.713554382,0.06390139013528824,0.0,0.0,0.0,0.0,0.0
176,2022-06-12 16:07:31.735717773,0.06390139013528824,0.0,0.0,0.0,0.0,0.0
177,2022-06-12 16:07:31.753838062,0.06390139013528824,0.0,0.0,0.0,0.0,0.0
178,2022-06-12 16:07:31.774014711,0.06390139013528824,0.0,0.0,0.0,0.0,0.0
179,2022-06-12 16:07:31.795893669,0.06390139013528824,0.0,0.0,0.0,0.0,0.0
180,2022-06-12 16:07:31.814292669,0.06390139013528824,0.0,0.0,0.0,0.0,0.0
181,2022-06-12 16:07:31.836256265,0.06390139013528824,0.0,0.0,0.0,0.0,0.0
182,2022-06-12 16:07:31.855046510,0.06390139013528824,0.0,0.0,0.0,0.0,0.0
183,2022-06-12 16:07:31.874616861,0.06390139013528824,0.0,0.0,0.0,0.0,0.0
184,2022-06-12 16:07:31.894834756,0.06390139013528824,0.0,0.0,0.0,0.0,0.0
185,2022-06-12 16:07:31.914771318,0.06390139013528824,0.0,0.0,0.0,0.0,0.0
186,2022-06-12 16:07:31.936585664,0.06390139013528824,0.0,0.0,0.0,0.0,0.0
187,2022-06-12 16:07:31.955328464,0.06390139013528824,0.0,0.0,0.0,0.0,0.0
188,2022-06-12 16:07:31.977360963,0.06390139013528824,0.0,0.0,0.0,0.0,0.0
189,2022-06-12 16:07:31.993592977,0.06038482636213302,0.0,0.0,0.0,0.0,0.0
190,2022-06-12 16:07:32.13584375,0.06038482636213302,0.0,0.0,0.0,0.0,0.0
191,2022-06-12 16:07:32.35584926,0.06038482636213302,0.0,0.0,0.0,0.0,0.0
192,2022-06-12 16:07:32.46325683,0.05862654000520706,0.0,0.0,0.0,0.0,0.0
193,2022-06-12 16:07:32.65696001,0.05862654000520706,0.0,0.0,0.0,0.0,0.0
194,2022-06-12 16:07:32.85807561,0.05862654000520706,0.0,0.0,0.0,0.0,0.0
195,2022-06-12 16:07:32.104505538,0.05862654000520706,0.0,0.0,0.0,0.0,0.0
196,2022-06-12 16:07:32.117504358,0.05511517971754074,0.0,0.0,0.0,0.0,0.0
197,2022-06-12 16:07:32.139690637,0.05511517971754074,0.0,0.0,0.0,0.0,0.0
198,2022-06-12 16:07:32.157629489,0.05511517971754074,0.0,0.0,0.0,0.0,0.0
199,2022-06-12 16:07:32.173509120,0.05511517971754074,0.0,0.0,0.0,0.0,0.0
200,2022-06-12 16:07:32.185544490,0.05511517971754074,0.0,0.0,0.0,0.0,0.0
201,2022-06-12 16:07:32.194258928,0.05511517971754074,0.0,0.0,0.0,0.0,0.0
202,2022-06-12 16:07:32.206304788,0.05511517971754074,0.0,0.0,0.0,0.0,0.0
203,2022-06-12 16:07:32.217633485,0.05511517971754074,0.0,0.0,0.0,0.0,0.0
204,2022-06-12 16:07:32.229677677,0.05511517971754074,0.0,0.0,0.0,0.0,0.0
205,2022-06-12 16:07:32.250782012,0.05511517971754074,0.0,0.0,0.0,0.0,0.0
206,2022-06-12 16:07:32.270589351,0.05511517971754074,0.0,0.0,0.0,0.0,0.0
207,2022-06-12 16:07:32.279299736,0.05511517971754074,0.0,0.0,0.0,0.0,0.0
208,2022-06-12 16:07:32.293749094,0.05511517971754074,0.0,0.0,0.0,0.0,0.0
209,2022-06-12 16:07:32.313953876,0.05511517971754074,0.0,0.0,0.0,0.0,0.0
210,2022-06-12 16:07:32.338718175,0.05511517971754074,0.0,0.0,0.0,0.0,0.0
211,2022-06-12 16:07:32.355698108,0.05511517971754074,0.0,0.0,0.0,0.0,0.0
212,2022-06-12 16:07:32.369522571,0.05511517971754074,0.0,0.0,0.0,0.0,0.011818570643663406
213,2022-06-12 16:07:32.389724493,0.05511517971754074,0.0,0.0,0.0,0.0,0.011818570643663406
214,2022-06-12 16:07:32.404283761,0.05511517971754074,0.0,0.0,0.0,0.0,0.018841295689344405
215,2022-06-12 16:07:32.413655519,0.05511517971754074,0.0,0.0,0.0,0.0,0.02235785946249962
216,2022-06-12 16:07:32.425628900,0.05511517971754074,0.0,0.0,0.0,0.0,0.02587442547082901
217,2022-06-12 16:07:32.450588941,0.05511517971754074,0.0,0.0,0.0,0.0,0.032907553017139435
218,2022-06-12 16:07:32.466432332,0.05511517971754074,0.0,0.0,0.0,0.0,0.032907553017139435
219,2022-06-12 16:07:32.469583272,0.05511517971754074,0.0,0.0,0.0,0.0,0.03641371428966522
220,2022-06-12 16:07:32.483903646,0.05511517971754074,0.0,0.0,0.0,0.0,0.04344684183597564
221,2022-06-12 16:07:32.489556074,0.05511517971754074,0.0,0.0,0.0,0.0,0.04696341007947922
222,2022-06-12 16:07:32.493551731,0.05511517971754074,0.0,0.0,0.0,0.0,0.05398613512516021
223,2022-06-12 16:07:32.497742891,0.05511517971754074,0.0,0.0,0.0,0.0,0.06453582644462585
224,2022-06-12 16:07:32.506187677,0.05511517971754074,0.0,0.0,0.0,0.0,0.06805239021778106
225,2022-06-12 16:07:32.506676673,0.05511517971754074,0.0,0.0,0.0,0.0,0.07507511973381042
226,2022-06-12 16:07:32.512276649,0.05511517971754074,0.0,0.0,0.0,0.0,0.08210824728012085
227,2022-06-12 16:07:32.513880014,0.05511517971754074,0.0,0.0,0.0,0.0,0.08914137482643127
228,2022-06-12 16:07:32.517529964,0.05511517971754074,0.0,0.0,0.0,0.0,0.09264754056930542
229,2022-06-12 16:07:32.523874282,0.06390139013528824,0.0,0.0,0.0,0.0,0.09264754056930542
230,2022-06-12 16:07:32.529950380,0.06390139013528824,0.0,0.0,0.0,0.0,0.09968066811561584
231,2022-06-12 16:07:32.533719539,0.06390139013528824,0.0,0.0,0.0,0.0,0.09968066811561584
232,2022-06-12 16:07:32.537845134,0.06565446853637695,0.0,0.0,0.0,0.0,0.10319723188877106
233,2022-06-12 16:07:32.557856082,0.06565446853637695,0.0,0.0,0.0,0.0,0.11023035943508148
234,2022-06-12 16:07:32.579644441,0.06565446853637695,0.0,0.0,0.0,0.0,0.11023035943508148
235,2022-06-12 16:07:32.582366228,0.06565446853637695,0.0,0.0,0.0,0.0,0.11023035943508148
236,2022-06-12 16:07:32.586434125,0.06565446853637695,0.0,0.0,0.0,0.0,0.1137365162372589
237,2022-06-12 16:07:32.589461565,0.06565446853637695,0.0,0.0,0.0,0.0,0.1137365162372589
238,2022-06-12 16:07:32.598597526,0.06565446853637695,0.0,0.0,0.0,0.0,0.1137365162372589
239,2022-06-12 16:07:32.607823133,0.06565446853637695,0.0,0.0,0.0,0.0,0.1137365162372589
240,2022-06-12 16:07:32.613474845,0.06565446853637695,0.0,0.0,0.0,0.0,0.1137365162372589
241,2022-06-12 16:07:32.623437881,0.06565446853637695,0.0,0.0,0.0,0.0,0.1137365162372589
242,2022-06-12 16:07:32.629692316,0.06565446853637695,0.0,0.0,0.0,0.0,0.1137365162372589
243,2022-06-12 16:07:32.639273881,0.06565446853637695,0.0,0.0,0.0,0.0,0.1137365162372589
244,2022-06-12 16:07:32.657941102,0.06565446853637695,0.0,0.0,0.0,0.0,0.1137365162372589
245,2022-06-12 16:07:32.663948774,0.06565446853637695,0.0,0.0,0.0,0.0,0.1137365162372589
246,2022-06-12 16:07:32.684025287,0.06565446853637695,0.0,0.0,0.0,0.0,0.1137365162372589
247,2022-06-12 16:07:32.705573081,0.06565446853637695,0.0,0.0,0.0,0.0,0.1137365162372589
248,2022-06-12 16:07:32.705898284,0.06565446853637695,0.0,0.0,0.0,0.0,0.12076965272426604
249,2022-06-12 16:07:32.717627763,0.06565446853637695,0.0,0.0,0.0,0.0,0.12428621649742126
250,2022-06-12 16:07:32.739415407,0.06565446853637695,0.0,0.0,0.0,0.0,0.12428621649742126
251,2022-06-12 16:07:32.744548082,0.06565446853637695,0.0,0.0,0.0,0.0,0.1313089370727539
252,2022-06-12 16:07:32.749332666,0.06565446853637695,0.0,0.0,0.0,0.0,0.1348255008459091
253,2022-06-12 16:07:32.757650613,0.06565446853637695,0.0,0.0,0.0,0.0,0.13834206461906431
254,2022-06-12 16:07:32.767534494,0.06565446853637695,0.0,0.0,0.0,0.0,0.14537520110607147
255,2022-06-12 16:07:32.769632101,0.06565446853637695,0.0,0.0,0.0,0.0,0.15591448545455933
256,2022-06-12 16:07:32.773469209,0.06565446853637695,0.0,0.0,0.0,0.0,0.15943105816841124
257,2022-06-12 16:07:32.777378797,0.06565446853637695,0.0,0.0,0.0,0.0,0.16646418571472169
258,2022-06-12 16:07:32.782949447,0.06565446853637695,0.0,0.0,0.0,0.0,0.1699703335762024
259,2022-06-12 16:07:32.787736654,0.06565446853637695,0.0,0.0,0.0,0.0,0.17700347900390626
260,2022-06-12 16:07:32.789264678,0.06565446853637695,0.0,0.0,0.0,0.0,0.18052003383636475
261,2022-06-12 16:07:32.798229694,0.06565446853637695,0.0,0.0,0.0,0.0,0.18754275441169738
262,2022-06-12 16:07:32.803989648,0.06565446853637695,0.0,0.0,0.0,0.0,0.19105932712554932
263,2022-06-12 16:07:32.811622381,0.06565446853637695,0.0,0.0,0.0,0.0,0.19457588195800782
264,2022-06-12 16:07:32.817558765,0.06565446853637695,0.0,0.0,0.0,0.0,0.19457588195800782
265,2022-06-12 16:07:32.839022636,0.06565446853637695,0.0,0.0,0.0,0.0,0.19457588195800782
266,2022-06-12 16:07:32.857415914,0.06565446853637695,0.0,0.0,0.0,0.0,0.19457588195800782
267,2022-06-12 16:07:32.875111818,0.06917103230953216,0.0,0.0,0.0,0.0,0.19457588195800782
268,2022-06-12 16:07:32.889814615,0.07092931419610977,0.0,0.0,0.0,0.0,0.17700347900390626
269,2022-06-12 16:07:32.893955469,0.07092931419610977,0.0,0.0,0.0,0.0,0.15943105816841124
270,2022-06-12 16:07:32.898065090,0.07092931419610977,0.0,0.0,0.0,0.0,0.1313089370727539
271,2022-06-12 16:07:32.903723478,0.07092931419610977,0.0,0.0,0.0,0.0,0.06453582644462585
272,2022-06-12 16:07:32.905392885,0.07092931419610977,0.0,0.0,0.0,0.0,0.0
273,2022-06-12 16:07:32.909323692,0.07444067895412444,0.0,0.0,0.0,0.0,0.0
274,2022-06-12 16:07:32.929873704,0.07444067895412444,0.0,0.0,0.0,0.0,0.0
275,2022-06-12 16:07:32.943427801,0.07619896531105042,0.0,0.0,0.0,0.0,0.0
276,2022-06-12 16:07:32.957635641,0.07795724272727966,0.0,0.0,0.0,0.0,0.0
277,2022-06-12 16:07:32.966198205,0.08147380650043487,0.0,0.0,0.0,0.0,0.0
278,2022-06-12 16:07:32.979052543,0.08323209285736084,0.0,0.0,0.0,0.0,0.0
279,2022-06-12 16:07:32.987106323,0.08674345314502716,0.0,0.0,0.0,0.0,0.0
280,2022-06-12 16:07:32.989338874,0.08850173950195313,0.0,0.0,0.0,0.0,0.0
281,2022-06-12 16:07:32.997963666,0.09201830327510833,0.0,0.0,0.0,0.0,0.0
282,2022-06-12 16:07:33.11231899,0.09377137720584869,0.0,0.0,0.0,0.0,0.0
283,2022-06-12 16:07:33.29604673,0.09552966356277466,0.0,0.0,0.0,0.0,0.0
284,2022-06-12 16:07:33.39874076,0.09904622733592987,0.0,0.0,0.0,0.0,0.0
285,2022-06-12 16:07:33.53459882,0.10080451369285583,0.0,0.0,0.0,0.0,0.0
286,2022-06-12 16:07:33.75160026,0.10080451369285583,0.0,0.0,0.0,0.0,0.0
287,2022-06-12 16:07:33.93731641,0.10080451369285583,0.0,0.0,0.0,0.0,0.0
288,2022-06-12 16:07:33.114871501,0.10080451369285583,0.0,0.0,0.0,0.0,0.0
289,2022-06-12 16:07:33.134157657,0.10080451369285583,0.0,0.0,0.0,0.0,0.0
290,2022-06-12 16:07:33.154297828,0.10080451369285583,0.0,0.0,0.0,0.0,0.0
291,2022-06-12 16:07:33.163723707,0.10431587398052215,0.0,0.0,0.0,0.0,0.0
292,2022-06-12 16:07:33.183302164,0.10431587398052215,0.0,0.0,0.0,0.0,0.0
293,2022-06-12 16:07:33.202705860,0.10431587398052215,0.0,0.0,0.0,0.0,0.0
294,2022-06-12 16:07:33.223630189,0.10431587398052215,0.0,0.0,0.0,0.0,0.0
295,2022-06-12 16:07:33.245133638,0.10431587398052215,0.0,0.0,0.0,0.0,0.0
296,2022-06-12 16:07:33.266189575,0.10431587398052215,0.0,0.0,0.0,0.0,0.0
297,2022-06-12 16:07:33.286580085,0.10431587398052215,0.0,0.0,0.0,0.0,0.0
298,2022-06-12 16:07:33.308442831,0.10431587398052215,0.0,0.0,0.0,0.0,0.0
299,2022-06-12 16:07:33.329341650,0.10431587398052215,0.0,0.0,0.0,0.0,0.0
300,2022-06-12 16:07:33.348777770,0.10431587398052215,0.0,0.0,0.0,0.0,0.0
301,2022-06-12 16:07:33.370553016,0.10431587398052215,0.0,0.0,0.0,0.0,0.0
302,2022-06-12 16:07:33.389323234,0.09552966356277466,0.0,0.0,0.0,0.0,0.0
303,2022-06-12 16:07:33.411002159,0.09552966356277466,0.0,0.0,0.0,0.0,0.0
304,2022-06-12 16:07:33.415079832,0.09377137720584869,0.0,0.0,0.0,0.0,0.0
305,2022-06-12 16:07:33.433876037,0.09377137720584869,0.0,0.0,0.0,0.0,0.0
306,2022-06-12 16:07:33.454529762,0.09377137720584869,0.0,0.0,0.0,0.0,0.0
307,2022-06-12 16:07:33.475666284,0.09377137720584869,0.0,0.0,0.0,0.0,0.0
308,2022-06-12 16:07:33.496773958,0.09377137720584869,0.0,0.0,0.0,0.0,0.0
309,2022-06-12 16:07:33.517728805,0.09377137720584869,0.0,0.0,0.0,0.0,0.0
310,2022-06-12 16:07:33.533631324,0.09201830327510833,0.0,0.0,0.0,0.0,0.0
311,2022-06-12 16:07:33.550600767,0.08850173950195313,0.0,0.0,0.0,0.0,0.0
312,2022-06-12 16:07:33.561681270,0.08674345314502716,0.0,0.0,0.0,0.0,0.0
313,2022-06-12 16:07:33.566238641,0.08323209285736084,0.0,0.0,0.0,0.0,0.0
314,2022-06-12 16:07:33.573467969,0.08147380650043487,0.0,0.0,0.0,0.0,0.0
315,2022-06-12 16:07:33.587776422,0.07795724272727966,0.0,0.0,0.0,0.0,0.0
316,2022-06-12 16:07:33.603414773,0.07619896531105042,0.0,0.0,0.0,0.0,0.0
317,2022-06-12 16:07:33.624520778,0.07619896531105042,0.0,0.0,0.0,0.0,0.0
318,2022-06-12 16:07:33.633641242,0.07444067895412444,0.0,0.0,0.0,0.0,0.0
319,2022-06-12 16:07:33.653744697,0.07444067895412444,0.0,0.0,0.0,0.0,0.0
320,2022-06-12 16:07:33.675533056,0.07444067895412444,0.0,0.0,0.0,0.0,0.0
321,2022-06-12 16:07:33.693941593,0.07444067895412444,0.0,0.0,0.0,0.0,0.0
322,2022-06-12 16:07:33.715261220,0.07444067895412444,0.0,0.0,0.0,0.0,0.0
323,2022-06-12 16:07:33.734418869,0.07444067895412444,0.0,0.0,0.0,0.0,0.0
324,2022-06-12 16:07:33.754479408,0.07444067895412444,0.0,0.0,0.0,0.0,0.0
325,2022-06-12 16:07:33.776054382,0.07444067895412444,0.0,0.0,0.0,0.0,0.0
326,2022-06-12 16:07:33.794603824,0.07444067895412444,0.0,0.0,0.0,0.0,0.0
327,2022-06-12 16:07:33.797501087,0.08147380650043487,0.0,0.0,0.0,0.0,0.0
328,2022-06-12 16:07:33.817668437,0.08147380650043487,0.0,0.0,0.0,0.0,0.0
329,2022-06-12 16:07:33.839583396,0.08147380650043487,0.0,0.0,0.0,0.0,0.0
330,2022-06-12 16:07:33.849419832,0.08323209285736084,0.0,0.0,0.0,0.0,0.0
331,2022-06-12 16:07:33.865684270,0.08323209285736084,0.0,0.0,0.0,0.0,0.0
332,2022-06-12 16:07:33.869631767,0.08674345314502716,0.0,0.0,0.0,0.0,0.0
333,2022-06-12 16:07:33.885730266,0.08850173950195313,0.0,0.0,0.0,0.0,0.0
334,2022-06-12 16:07:33.897695541,0.09201830327510833,0.0,0.0,0.0,0.0,0.0
335,2022-06-12 16:07:33.911257266,0.09377137720584869,0.0,0.0,0.0,0.0,0.0
336,2022-06-12 16:07:33.917679548,0.09552966356277466,0.0,0.0,0.0,0.0,0.0
337,2022-06-12 16:07:33.938482522,0.09552966356277466,0.0,0.0,0.0,0.0,0.0
338,2022-06-12 16:07:33.957985162,0.09552966356277466,0.0,0.0,0.0,0.0,0.0
339,2022-06-12 16:07:33.969577550,0.09904622733592987,0.0,0.0,0.0,0.0,0.0
340,2022-06-12 16:07:33.992112636,0.09904622733592987,0.0,0.0,0.0,0.0,0.0
341,2022-06-12 16:07:33.997960805,0.10080451369285583,0.0,0.0,0.0,0.0,0.0
342,2022-06-12 16:07:34.14183998,0.10431587398052215,0.0,0.0,0.0,0.0,0.0
343,2022-06-12 16:07:34.33837080,0.10431587398052215,0.0,0.0,0.0,0.0,0.0
344,2022-06-12 16:07:34.53772449,0.10431587398052215,0.0,0.0,0.0,0.0,0.0
345,2022-06-12 16:07:34.73957443,0.10431587398052215,0.0,0.0,0.0,0.0,0.0
346,2022-06-12 16:07:34.94237327,0.10431587398052215,0.0,0.0,0.0,0.0,0.0
347,2022-06-12 16:07:34.116051673,0.10431587398052215,0.0,0.0,0.0,0.0,0.0
348,2022-06-12 16:07:34.134429454,0.10431587398052215,0.0,0.0,0.0,0.0,0.0
349,2022-06-12 16:07:34.154268741,0.10431587398052215,0.0,0.0,0.0,0.0,0.0
350,2022-06-12 16:07:34.176152229,0.10431587398052215,0.0,0.0,0.0,0.0,0.0
351,2022-06-12 16:07:34.194756746,0.10431587398052215,0.0,0.0,0.0,0.0,0.0
352,2022-06-12 16:07:34.216673374,0.10431587398052215,0.0,0.0,0.0,0.0,0.0
353,2022-06-12 16:07:34.235050678,0.10431587398052215,0.0,0.0,0.0,0.0,0.0
354,2022-06-12 16:07:34.255094766,0.10431587398052215,0.0,0.0,0.0,0.0,0.0
355,2022-06-12 16:07:34.277005910,0.10431587398052215,0.0,0.0,0.0,0.0,0.0
356,2022-06-12 16:07:34.297737121,0.10431587398052215,0.0,0.0,0.0,0.0,0.0
357,2022-06-12 16:07:34.317385673,0.10431587398052215,0.0,0.0,0.0,0.0,0.0
358,2022-06-12 16:07:34.341799020,0.10431587398052215,0.0,0.0,0.0,0.0,0.0
359,2022-06-12 16:07:34.355861425,0.10431587398052215,0.0,0.0,0.0,0.0,0.0
360,2022-06-12 16:07:34.376013994,0.10431587398052215,0.0,0.0,0.0,0.0,0.0
361,2022-06-12 16:07:34.396282196,0.10431587398052215,0.0,0.0,0.0,0.0,0.0
362,2022-06-12 16:07:34.417899608,0.10431587398052215,0.0,0.0,0.0,0.0,0.0
363,2022-06-12 16:07:34.436627388,0.10431587398052215,0.0,0.0,0.0,0.0,0.0
364,2022-06-12 16:07:34.456826210,0.10431587398052215,0.0,0.0,0.0,0.0,0.0
365,2022-06-12 16:07:34.478468894,0.10431587398052215,0.0,0.0,0.0,0.0,0.0
366,2022-06-12 16:07:34.496969223,0.10431587398052215,0.0,0.0,0.0,0.0,0.0
367,2022-06-12 16:07:34.518646717,0.10431587398052215,0.0,0.0,0.0,0.0,0.0
368,2022-06-12 16:07:34.539989471,0.10431587398052215,0.0,0.0,0.0,0.0,0.0
369,2022-06-12 16:07:34.557380199,0.10431587398052215,0.0,0.0,0.0,0.0,0.0
370,2022-06-12 16:07:34.577481746,0.10431587398052215,0.0,0.0,0.0,0.0,0.0
371,2022-06-12 16:07:34.597687005,0.10431587398052215,0.0,0.0,0.0,0.0,0.0
372,2022-06-12 16:07:34.617920160,0.10431587398052215,0.0,0.0,0.0,0.0,0.0
373,2022-06-12 16:07:34.639551162,0.10431587398052215,0.0,0.0,0.0,0.0,0.0
374,2022-06-12 16:07:34.657962799,0.10431587398052215,0.0,0.0,0.0,0.0,0.0
375,2022-06-12 16:07:34.680031299,0.10431587398052215,0.0,0.0,0.0,0.0,0.0
376,2022-06-12 16:07:34.698456525,0.10431587398052215,0.0,0.0,0.0,0.0,0.0
377,2022-06-12 16:07:34.718214988,0.10431587398052215,0.0,0.0,0.0,0.0,0.0
378,2022-06-12 16:07:34.740307569,0.10431587398052215,0.0,0.0,0.0,0.0,0.0
379,2022-06-12 16:07:34.758400917,0.10431587398052215,0.0,0.0,0.0,0.0,0.0
380,2022-06-12 16:07:34.780565500,0.10431587398052215,0.0,0.0,0.0,0.0,0.0
381,2022-06-12 16:07:34.799833536,0.10431587398052215,0.0,0.0,0.0,0.0,0.0
382,2022-06-12 16:07:34.818988323,0.10431587398052215,0.0,0.0,0.0,0.0,0.0
383,2022-06-12 16:07:34.841032266,0.10431587398052215,0.0,0.0,0.0,0.0,0.0
384,2022-06-12 16:07:34.859342098,0.10431587398052215,0.0,0.0,0.0,0.0,0.0
385,2022-06-12 16:07:34.879280328,0.10431587398052215,0.0,0.0,0.0,0.0,0.0
386,2022-06-12 16:07:34.899705648,0.10431587398052215,0.0,0.0,0.0,0.0,0.0
387,2022-06-12 16:07:34.919402599,0.10431587398052215,0.0,0.0,0.0,0.0,0.0
388,2022-06-12 16:07:34.926439285,0.1060741513967514,0.0,0.0,0.0,0.0,0.0
389,2022-06-12 16:07:34.953112125,0.1060741513967514,0.0,0.0,0.0,0.0,0.0
390,2022-06-12 16:07:34.970511674,0.1060741513967514,0.0,0.0,0.0,0.0,0.0
391,2022-06-12 16:07:34.987131357,0.1060741513967514,0.0,0.0,0.0,0.0,0.0
392,2022-06-12 16:07:35.12652873,0.1060741513967514,0.0,0.0,0.0,0.0,0.0
393,2022-06-12 16:07:35.27588844,0.1060741513967514,0.0,0.0,0.0,0.0,0.0
394,2022-06-12 16:07:35.51726579,0.1060741513967514,0.0,0.0,0.0,0.0,0.0
395,2022-06-12 16:07:35.73296308,0.1060741513967514,0.0,0.0,0.0,0.0,0.0
396,2022-06-12 16:07:35.91821908,0.1060741513967514,0.0,0.0,0.0,0.0,0.0
397,2022-06-12 16:07:35.114187717,0.1060741513967514,0.0,0.0,0.0,0.0,0.0
398,2022-06-12 16:07:35.132089614,0.1060741513967514,0.0,0.0,0.0,0.0,0.0
399,2022-06-12 16:07:35.152267932,0.1060741513967514,0.0,0.0,0.0,0.0,0.0
400,2022-06-12 16:07:35.172238826,0.1060741513967514,0.0,0.0,0.0,0.0,0.0
401,2022-06-12 16:07:35.192346572,0.1060741513967514,0.0,0.0,0.0,0.0,0.0
402,2022-06-12 16:07:35.213684797,0.1060741513967514,0.0,0.0,0.0,0.0,0.0
403,2022-06-12 16:07:35.232682704,0.1060741513967514,0.0,0.0,0.0,0.0,0.0
404,2022-06-12 16:07:35.252522706,0.1060741513967514,0.0,0.0,0.0,0.0,0.0
405,2022-06-12 16:07:35.274501323,0.1060741513967514,0.0,0.0,0.0,0.0,0.0
406,2022-06-12 16:07:35.292922735,0.1060741513967514,0.0,0.0,0.0,0.0,0.0
407,2022-06-12 16:07:35.312989473,0.1060741513967514,0.0,0.0,0.0,0.0,0.0
408,2022-06-12 16:07:35.333324432,0.1060741513967514,0.0,0.0,0.0,0.0,0.0
409,2022-06-12 16:07:35.353190898,0.1060741513967514,0.0,0.0,0.0,0.0,0.0
410,2022-06-12 16:07:35.375128507,0.1060741513967514,0.0,0.0,0.0,0.0,0.0
411,2022-06-12 16:07:35.393689632,0.1060741513967514,0.0,0.0,0.0,0.0,0.0
412,2022-06-12 16:07:35.414327383,0.1060741513967514,0.0,0.0,0.0,0.0,0.0
413,2022-06-12 16:07:35.434098243,0.1060741513967514,0.0,0.0,0.0,0.0,0.0
414,2022-06-12 16:07:35.454362630,0.1060741513967514,0.0,0.0,0.0,0.0,0.0
415,2022-06-12 16:07:35.476070404,0.1060741513967514,0.0,0.0,0.0,0.0,0.0
416,2022-06-12 16:07:35.494681835,0.1060741513967514,0.0,0.0,0.0,0.0,0.0
417,2022-06-12 16:07:35.510908365,0.10959071516990661,0.0,0.0,0.0,0.0,0.0
418,2022-06-12 16:07:35.529887199,0.10959071516990661,0.0,0.0,0.0,0.0,0.0
419,2022-06-12 16:07:35.539499282,0.11134900152683258,0.0,0.0,0.0,0.0,0.0
420,2022-06-12 16:07:35.557639837,0.11486036181449889,0.0,0.0,0.0,0.0,0.0
421,2022-06-12 16:07:35.570766448,0.11661864817142487,0.0,0.0,0.0,0.0,0.0
422,2022-06-12 16:07:35.579602003,0.11837692558765411,0.0,0.0,0.0,0.0,0.0
423,2022-06-12 16:07:35.586541891,0.12188829481601715,0.0,0.0,0.0,0.0,0.0
424,2022-06-12 16:07:35.597874879,0.1236465722322464,0.0,0.0,0.0,0.0,0.0
425,2022-06-12 16:07:35.615653514,0.1271631360054016,0.0,0.0,0.0,0.0,0.0
426,2022-06-12 16:07:35.633610725,0.12892142236232756,0.0,0.0,0.0,0.0,0.0
427,2022-06-12 16:07:35.653561592,0.12892142236232756,0.0,0.0,0.0,0.0,0.0
428,2022-06-12 16:07:35.676289081,0.12892142236232756,0.0,0.0,0.0,0.0,0.0
429,2022-06-12 16:07:35.685567378,0.1324327826499939,0.0,0.0,0.0,0.0,0.0
430,2022-06-12 16:07:35.705832481,0.1324327826499939,0.0,0.0,0.0,0.0,0.0
431,2022-06-12 16:07:35.711100339,0.13419106900691985,0.0,0.0,0.0,0.0,0.0
432,2022-06-12 16:07:35.725713968,0.1359493464231491,0.0,0.0,0.0,0.0,0.0
433,2022-06-12 16:07:35.745531082,0.1394659101963043,0.0,0.0,0.0,0.0,0.0
434,2022-06-12 16:07:35.759267568,0.14121899306774138,0.0,0.0,0.0,0.0,0.0
435,2022-06-12 16:07:35.784842014,0.14121899306774138,0.0,0.0,0.0,0.0,0.0
436,2022-06-12 16:07:35.799430608,0.14121899306774138,0.0,0.0,0.0,0.0,0.0
437,2022-06-12 16:07:35.819155454,0.14121899306774138,0.0,0.0,0.0,0.0,0.0
438,2022-06-12 16:07:35.830996274,0.1447355568408966,0.0,0.0,0.0,0.0,0.0
439,2022-06-12 16:07:35.844016790,0.1447355568408966,0.0,0.0,0.0,0.0,0.0
440,2022-06-12 16:07:35.862972736,0.1447355568408966,0.0,0.0,0.0,0.0,0.0
441,2022-06-12 16:07:35.884376764,0.1447355568408966,0.0,0.0,0.0,0.0,0.0
442,2022-06-12 16:07:35.904257535,0.1447355568408966,0.0,0.0,0.0,0.0,0.0
443,2022-06-12 16:07:35.913516283,0.14649384319782258,0.0,0.0,0.0,0.0,0.0
444,2022-06-12 16:07:35.933903932,0.14649384319782258,0.0,0.0,0.0,0.0,0.0
445,2022-06-12 16:07:35.953695535,0.14649384319782258,0.0,0.0,0.0,0.0,0.0
446,2022-06-12 16:07:35.969525098,0.15,0.0,0.0,0.0,0.0,0.0
447,2022-06-12 16:07:35.990005970,0.15,0.0,0.0,0.0,0.0,0.0
448,2022-06-12 16:07:36.11545658,0.15,0.0,0.0,0.0,0.0,0.0
449,2022-06-12 16:07:36.28856277,0.15,0.0,0.0,0.0,0.0,0.0
450,2022-06-12 16:07:36.48775196,0.15,0.0,0.0,0.0,0.0,0.0
451,2022-06-12 16:07:36.70005416,0.15,0.0,0.0,0.0,0.0,0.0
452,2022-06-12 16:07:36.89299201,0.15,0.0,0.0,0.0,0.0,0.0
453,2022-06-12 16:07:36.109154701,0.15,0.0,0.0,0.0,0.0,0.0
454,2022-06-12 16:07:36.129458665,0.15,0.0,0.0,0.0,0.0,0.0
455,2022-06-12 16:07:36.149406909,0.15,0.0,0.0,0.0,0.0,0.0
456,2022-06-12 16:07:36.169435501,0.15,0.0,0.0,0.0,0.0,0.0
457,2022-06-12 16:07:36.189617156,0.15,0.0,0.0,0.0,0.0,0.0
458,2022-06-12 16:07:36.209811449,0.15,0.0,0.0,0.0,0.0,0.0
459,2022-06-12 16:07:36.230095624,0.15,0.0,0.0,0.0,0.0,0.0
460,2022-06-12 16:07:36.249973297,0.15,0.0,0.0,0.0,0.0,0.0
461,2022-06-12 16:07:36.270078897,0.15,0.0,0.0,0.0,0.0,0.0
462,2022-06-12 16:07:36.290220260,0.15,0.0,0.0,0.0,0.0,0.0
463,2022-06-12 16:07:36.312629461,0.15,0.0,0.0,0.0,0.0,0.0
464,2022-06-12 16:07:36.331780910,0.15,0.0,0.0,0.0,0.0,0.0
465,2022-06-12 16:07:36.351897239,0.15,0.0,0.0,0.0,0.0,0.0
466,2022-06-12 16:07:36.372591257,0.15,0.0,0.0,0.0,0.0,0.0
467,2022-06-12 16:07:36.392266511,0.15,0.0,0.0,0.0,0.0,0.0
468,2022-06-12 16:07:36.413819789,0.15,0.0,0.0,0.0,0.0,0.0
469,2022-06-12 16:07:36.432583570,0.15,0.0,0.0,0.0,0.0,0.0
470,2022-06-12 16:07:36.452328443,0.15,0.0,0.0,0.0,0.0,0.0
471,2022-06-12 16:07:36.472643852,0.15,0.0,0.0,0.0,0.0,0.0
472,2022-06-12 16:07:36.494140148,0.15,0.0,0.0,0.0,0.0,0.0
473,2022-06-12 16:07:36.514955759,0.15,0.0,0.0,0.0,0.0,0.0
474,2022-06-12 16:07:36.534195899,0.15,0.0,0.0,0.0,0.0,0.0
475,2022-06-12 16:07:36.553764104,0.15,0.0,0.0,0.0,0.0,0.0
476,2022-06-12 16:07:36.573809385,0.15,0.0,0.0,0.0,0.0,0.0
477,2022-06-12 16:07:36.594184637,0.15,0.0,0.0,0.0,0.0,0.0
478,2022-06-12 16:07:36.615796804,0.15,0.0,0.0,0.0,0.0,0.0
479,2022-06-12 16:07:36.634470462,0.15,0.0,0.0,0.0,0.0,0.0
480,2022-06-12 16:07:36.654325485,0.15,0.0,0.0,0.0,0.0,0.0
481,2022-06-12 16:07:36.674497365,0.15,0.0,0.0,0.0,0.0,0.0
482,2022-06-12 16:07:36.694860219,0.15,0.0,0.0,0.0,0.0,0.0
483,2022-06-12 16:07:36.716556310,0.15,0.0,0.0,0.0,0.0,0.0
484,2022-06-12 16:07:36.735512495,0.15,0.0,0.0,0.0,0.0,0.0
485,2022-06-12 16:07:36.755090713,0.15,0.0,0.0,0.0,0.0,0.0
486,2022-06-12 16:07:36.775149822,0.15,0.0,0.0,0.0,0.0,0.0
487,2022-06-12 16:07:36.795492410,0.15,0.0,0.0,0.0,0.0,0.0
488,2022-06-12 16:07:36.817159414,0.15,0.0,0.0,0.0,0.0,0.0
489,2022-06-12 16:07:36.835608482,0.15,0.0,0.0,0.0,0.0,0.0
490,2022-06-12 16:07:36.855525016,0.15,0.0,0.0,0.0,0.0,0.0
491,2022-06-12 16:07:36.877422094,0.15,0.0,0.0,0.0,0.0,0.0
492,2022-06-12 16:07:36.895902156,0.15,0.0,0.0,0.0,0.0,0.0
493,2022-06-12 16:07:36.917606353,0.15,0.0,0.0,0.0,0.0,0.0
494,2022-06-12 16:07:36.936172246,0.15,0.0,0.0,0.0,0.0,0.0
495,2022-06-12 16:07:36.956148624,0.15,0.0,0.0,0.0,0.0,0.0
496,2022-06-12 16:07:36.976055622,0.15,0.0,0.0,0.0,0.0,0.0
497,2022-06-12 16:07:36.996451139,0.15,0.0,0.0,0.0,0.0,0.0
498,2022-06-12 16:07:37.16743898,0.15,0.0,0.0,0.0,0.0,0.0
499,2022-06-12 16:07:37.36643028,0.15,0.0,0.0,0.0,0.0,0.0
500,2022-06-12 16:07:37.56614160,0.15,0.0,0.0,0.0,0.0,0.0
501,2022-06-12 16:07:37.78680992,0.15,0.0,0.0,0.0,0.0,0.0
502,2022-06-12 16:07:37.97146034,0.15,0.0,0.0,0.0,0.0,0.0
503,2022-06-12 16:07:37.118699073,0.15,0.0,0.0,0.0,0.0,0.0
504,2022-06-12 16:07:37.137386322,0.15,0.0,0.0,0.0,0.0,0.0
505,2022-06-12 16:07:37.157531023,0.15,0.0,0.0,0.0,0.0,0.0
506,2022-06-12 16:07:37.179056644,0.15,0.0,0.0,0.0,0.0,0.0
507,2022-06-12 16:07:37.197611093,0.15,0.0,0.0,0.0,0.0,0.0
508,2022-06-12 16:07:37.219345808,0.15,0.0,0.0,0.0,0.0,0.0
509,2022-06-12 16:07:37.237947702,0.15,0.0,0.0,0.0,0.0,0.0
510,2022-06-12 16:07:37.257989168,0.15,0.0,0.0,0.0,0.0,0.0
511,2022-06-12 16:07:37.279670953,0.15,0.0,0.0,0.0,0.0,0.0
512,2022-06-12 16:07:37.298603057,0.15,0.0,0.0,0.0,0.0,0.0
513,2022-06-12 16:07:37.318263530,0.15,0.0,0.0,0.0,0.0,0.0
514,2022-06-12 16:07:37.338441610,0.15,0.0,0.0,0.0,0.0,0.0
515,2022-06-12 16:07:37.358471870,0.15,0.0,0.0,0.0,0.0,0.0
516,2022-06-12 16:07:37.380595684,0.15,0.0,0.0,0.0,0.0,0.0
517,2022-06-12 16:07:37.398840427,0.15,0.0,0.0,0.0,0.0,0.0
518,2022-06-12 16:07:37.420668125,0.15,0.0,0.0,0.0,0.0,0.0
519,2022-06-12 16:07:37.440976858,0.15,0.0,0.0,0.0,0.0,0.0
520,2022-06-12 16:07:37.458756923,0.15,0.0,0.0,0.0,0.0,0.0
521,2022-06-12 16:07:37.479058504,0.15,0.0,0.0,0.0,0.0,0.0
522,2022-06-12 16:07:37.499188423,0.15,0.0,0.0,0.0,0.0,0.0
523,2022-06-12 16:07:37.519107341,0.15,0.0,0.0,0.0,0.0,0.0
524,2022-06-12 16:07:37.540955066,0.15,0.0,0.0,0.0,0.0,0.0
525,2022-06-12 16:07:37.559941291,0.15,0.0,0.0,0.0,0.0,0.0
526,2022-06-12 16:07:37.581347942,0.15,0.0,0.0,0.0,0.0,0.0
527,2022-06-12 16:07:37.599783182,0.15,0.0,0.0,0.0,0.0,0.0
528,2022-06-12 16:07:37.619630575,0.15,0.0,0.0,0.0,0.0,0.0
529,2022-06-12 16:07:37.641334056,0.15,0.0,0.0,0.0,0.0,0.0
530,2022-06-12 16:07:37.660158157,0.15,0.0,0.0,0.0,0.0,0.0
531,2022-06-12 16:07:37.681974887,0.15,0.0,0.0,0.0,0.0,0.0
532,2022-06-12 16:07:37.700510740,0.15,0.0,0.0,0.0,0.0,0.0
533,2022-06-12 16:07:37.722395420,0.15,0.0,0.0,0.0,0.0,0.0
534,2022-06-12 16:07:37.743916749,0.15,0.0,0.0,0.0,0.0,0.0
535,2022-06-12 16:07:37.762118816,0.15,0.0,0.0,0.0,0.0,0.0
536,2022-06-12 16:07:37.782803058,0.15,0.0,0.0,0.0,0.0,0.0
537,2022-06-12 16:07:37.803579807,0.15,0.0,0.0,0.0,0.0,0.0
538,2022-06-12 16:07:37.824312686,0.15,0.0,0.0,0.0,0.0,0.0
539,2022-06-12 16:07:37.843827247,0.15,0.0,0.0,0.0,0.0,0.0
540,2022-06-12 16:07:37.862665653,0.15,0.0,0.0,0.0,0.0,0.0
541,2022-06-12 16:07:37.883728981,0.15,0.0,0.0,0.0,0.0,0.0
542,2022-06-12 16:07:37.903429031,0.15,0.0,0.0,0.0,0.0,0.0
543,2022-06-12 16:07:37.926082611,0.15,0.0,0.0,0.0,0.0,0.0
544,2022-06-12 16:07:37.946610927,0.15,0.0,0.0,0.0,0.0,0.0
545,2022-06-12 16:07:37.967218637,0.15,0.0,0.0,0.0,0.0,0.0
546,2022-06-12 16:07:37.987146139,0.15,0.0,0.0,0.0,0.0,0.0
547,2022-06-12 16:07:38.10388851,0.15,0.0,0.0,0.0,0.0,0.0
548,2022-06-12 16:07:38.28193235,0.15,0.0,0.0,0.0,0.0,0.0
549,2022-06-12 16:07:38.50031661,0.15,0.0,0.0,0.0,0.0,0.0
550,2022-06-12 16:07:38.69037675,0.15,0.0,0.0,0.0,0.0,0.0
551,2022-06-12 16:07:38.90208053,0.15,0.0,0.0,0.0,0.0,0.0
552,2022-06-12 16:07:38.109973430,0.15,0.0,0.0,0.0,0.0,0.0
553,2022-06-12 16:07:38.130041837,0.15,0.0,0.0,0.0,0.0,0.0
554,2022-06-12 16:07:38.151771306,0.15,0.0,0.0,0.0,0.0,0.0
555,2022-06-12 16:07:38.170327663,0.15,0.0,0.0,0.0,0.0,0.0
556,2022-06-12 16:07:38.190548896,0.15,0.0,0.0,0.0,0.0,0.0
557,2022-06-12 16:07:38.212238550,0.15,0.0,0.0,0.0,0.0,0.0
558,2022-06-12 16:07:38.234582185,0.15,0.0,0.0,0.0,0.0,0.0
559,2022-06-12 16:07:38.252313613,0.15,0.0,0.0,0.0,0.0,0.0
560,2022-06-12 16:07:38.271459817,0.15,0.0,0.0,0.0,0.0,0.0
561,2022-06-12 16:07:38.291260957,0.15,0.0,0.0,0.0,0.0,0.0
562,2022-06-12 16:07:38.314726352,0.15,0.0,0.0,0.0,0.0,0.0
563,2022-06-12 16:07:38.331523895,0.15,0.0,0.0,0.0,0.0,0.0
564,2022-06-12 16:07:38.351809263,0.15,0.0,0.0,0.0,0.0,0.0
565,2022-06-12 16:07:38.371887445,0.15,0.0,0.0,0.0,0.0,0.0
566,2022-06-12 16:07:38.392133712,0.15,0.0,0.0,0.0,0.0,0.0
567,2022-06-12 16:07:38.413074016,0.15,0.0,0.0,0.0,0.0,0.0
568,2022-06-12 16:07:38.434235811,0.15,0.0,0.0,0.0,0.0,0.0
569,2022-06-12 16:07:38.455501556,0.15,0.0,0.0,0.0,0.0,0.0
570,2022-06-12 16:07:38.472710847,0.15,0.0,0.0,0.0,0.0,0.0
571,2022-06-12 16:07:38.493734121,0.15,0.0,0.0,0.0,0.0,0.0
572,2022-06-12 16:07:38.512875318,0.15,0.0,0.0,0.0,0.0,0.0
573,2022-06-12 16:07:38.532956838,0.15,0.0,0.0,0.0,0.0,0.0
574,2022-06-12 16:07:38.554733514,0.15,0.0,0.0,0.0,0.0,0.0
575,2022-06-12 16:07:38.573245525,0.15,0.0,0.0,0.0,0.0,0.0
576,2022-06-12 16:07:38.593194484,0.15,0.0,0.0,0.0,0.0,0.0
577,2022-06-12 16:07:38.613751649,0.15,0.0,0.0,0.0,0.0,0.0
578,2022-06-12 16:07:38.634381771,0.15,0.0,0.0,0.0,0.0,0.0
579,2022-06-12 16:07:38.655286073,0.15,0.0,0.0,0.0,0.0,0.0
580,2022-06-12 16:07:38.674047470,0.15,0.0,0.0,0.0,0.0,0.0
581,2022-06-12 16:07:38.695791244,0.15,0.0,0.0,0.0,0.0,0.0
582,2022-06-12 16:07:38.714350938,0.15,0.0,0.0,0.0,0.0,0.0
583,2022-06-12 16:07:38.734356880,0.15,0.0,0.0,0.0,0.0,0.0
584,2022-06-12 16:07:38.756229162,0.15,0.0,0.0,0.0,0.0,0.0
585,2022-06-12 16:07:38.774780273,0.15,0.0,0.0,0.0,0.0,0.0
586,2022-06-12 16:07:38.796670436,0.15,0.0,0.0,0.0,0.0,0.0
587,2022-06-12 16:07:38.816717863,0.15,0.0,0.0,0.0,0.0,0.0
588,2022-06-12 16:07:38.834849834,0.15,0.0,0.0,0.0,0.0,0.0
589,2022-06-12 16:07:38.854817390,0.15,0.0,0.0,0.0,0.0,0.0
590,2022-06-12 16:07:38.875058174,0.15,0.0,0.0,0.0,0.0,0.0
591,2022-06-12 16:07:38.908739328,0.15,0.0,0.0,0.0,0.0,0.0
592,2022-06-12 16:07:38.917834043,0.15,0.0,0.0,0.0,0.0,0.0
593,2022-06-12 16:07:38.935505390,0.15,0.0,0.0,0.0,0.0,0.0
594,2022-06-12 16:07:38.958236455,0.15,0.0,0.0,0.0,0.0,0.0
595,2022-06-12 16:07:38.975830793,0.15,0.0,0.0,0.0,0.0,0.0
596,2022-06-12 16:07:39.55024623,0.15,0.0,0.0,0.0,0.0,0.0
597,2022-06-12 16:07:39.62261104,0.15,0.0,0.0,0.0,0.0,0.0
598,2022-06-12 16:07:39.63206434,0.15,0.0,0.0,0.0,0.0,0.0
599,2022-06-12 16:07:39.69334268,0.15,0.0,0.0,0.0,0.0,0.0
600,2022-06-12 16:07:39.76285600,0.15,0.0,0.0,0.0,0.0,0.0
601,2022-06-12 16:07:39.98019123,0.15,0.0,0.0,0.0,0.0,0.0
602,2022-06-12 16:07:39.116617441,0.15,0.0,0.0,0.0,0.0,0.0
603,2022-06-12 16:07:39.136427164,0.15,0.0,0.0,0.0,0.0,0.0
604,2022-06-12 16:07:39.158231973,0.15,0.0,0.0,0.0,0.0,0.0
605,2022-06-12 16:07:39.177125215,0.15,0.0,0.0,0.0,0.0,0.0
606,2022-06-12 16:07:39.197256565,0.15,0.0,0.0,0.0,0.0,0.0
607,2022-06-12 16:07:39.217260837,0.15,0.0,0.0,0.0,0.0,0.0
608,2022-06-12 16:07:39.237453937,0.15,0.0,0.0,0.0,0.0,0.0
609,2022-06-12 16:07:39.259129285,0.15,0.0,0.0,0.0,0.0,0.0
610,2022-06-12 16:07:39.277834892,0.15,0.0,0.0,0.0,0.0,0.0
611,2022-06-12 16:07:39.299626827,0.15,0.0,0.0,0.0,0.0,0.0
612,2022-06-12 16:07:39.317915201,0.15,0.0,0.0,0.0,0.0,0.0
613,2022-06-12 16:07:39.338228940,0.15,0.0,0.0,0.0,0.0,0.0
614,2022-06-12 16:07:39.358337163,0.15,0.0,0.0,0.0,0.0,0.0
615,2022-06-12 16:07:39.378460645,0.15,0.0,0.0,0.0,0.0,0.0
616,2022-06-12 16:07:39.399908542,0.15,0.0,0.0,0.0,0.0,0.0
617,2022-06-12 16:07:39.418585777,0.15,0.0,0.0,0.0,0.0,0.0
618,2022-06-12 16:07:39.438735008,0.15,0.0,0.0,0.0,0.0,0.0
619,2022-06-12 16:07:39.460513591,0.15,0.0,0.0,0.0,0.0,0.0
620,2022-06-12 16:07:39.479182004,0.15,0.0,0.0,0.0,0.0,0.0
621,2022-06-12 16:07:39.500699043,0.15,0.0,0.0,0.0,0.0,0.0
622,2022-06-12 16:07:39.519321680,0.15,0.0,0.0,0.0,0.0,0.0
623,2022-06-12 16:07:39.539469480,0.15,0.0,0.0,0.0,0.0,0.0
624,2022-06-12 16:07:39.561063766,0.15,0.0,0.0,0.0,0.0,0.0
625,2022-06-12 16:07:39.579857349,0.15,0.0,0.0,0.0,0.0,0.0
626,2022-06-12 16:07:39.601448774,0.15,0.0,0.0,0.0,0.0,0.0
627,2022-06-12 16:07:39.619899272,0.15,0.0,0.0,0.0,0.0,0.0
628,2022-06-12 16:07:39.640226364,0.15,0.0,0.0,0.0,0.0,0.0
629,2022-06-12 16:07:39.660446882,0.15,0.0,0.0,0.0,0.0,0.0
630,2022-06-12 16:07:39.683083772,0.15,0.0,0.0,0.0,0.0,0.0
631,2022-06-12 16:07:39.703820705,0.15,0.0,0.0,0.0,0.0,0.0
632,2022-06-12 16:07:39.725277423,0.15,0.0,0.0,0.0,0.0,0.0
633,2022-06-12 16:07:39.742729425,0.15,0.0,0.0,0.0,0.0,0.0
634,2022-06-12 16:07:39.763151884,0.15,0.0,0.0,0.0,0.0,0.0
635,2022-06-12 16:07:39.781828880,0.15,0.0,0.0,0.0,0.0,0.0
636,2022-06-12 16:07:39.804546356,0.15,0.0,0.0,0.0,0.0,0.0
637,2022-06-12 16:07:39.827720403,0.15,0.0,0.0,0.0,0.0,0.0
638,2022-06-12 16:07:39.843559265,0.15,0.0,0.0,0.0,0.0,0.0
639,2022-06-12 16:07:39.863840818,0.15,0.0,0.0,0.0,0.0,0.0
640,2022-06-12 16:07:39.882910013,0.15,0.0,0.0,0.0,0.0,0.0
641,2022-06-12 16:07:39.909126043,0.15,0.0,0.0,0.0,0.0,0.0
642,2022-06-12 16:07:39.925752401,0.15,0.0,0.0,0.0,0.0,0.0
643,2022-06-12 16:07:39.947442293,0.15,0.0,0.0,0.0,0.0,0.0
644,2022-06-12 16:07:39.966523170,0.15,0.0,0.0,0.0,0.0,0.0
645,2022-06-12 16:07:39.987750768,0.15,0.0,0.0,0.0,0.0,0.0
646,2022-06-12 16:07:40.6933212,0.15,0.0,0.0,0.0,0.0,0.0
647,2022-06-12 16:07:40.28057575,0.15,0.0,0.0,0.0,0.0,0.0
648,2022-06-12 16:07:40.47291278,0.15,0.0,0.0,0.0,0.0,0.0
649,2022-06-12 16:07:40.67306518,0.15,0.0,0.0,0.0,0.0,0.0
650,2022-06-12 16:07:40.87380409,0.15,0.0,0.0,0.0,0.0,0.0
651,2022-06-12 16:07:40.111370325,0.15,0.0,0.0,0.0,0.0,0.0
652,2022-06-12 16:07:40.128194808,0.15,0.0,0.0,0.0,0.0,0.0
653,2022-06-12 16:07:40.148344993,0.15,0.0,0.0,0.0,0.0,0.0
654,2022-06-12 16:07:40.168321609,0.15,0.0,0.0,0.0,0.0,0.0
655,2022-06-12 16:07:40.188589811,0.15,0.0,0.0,0.0,0.0,0.0
656,2022-06-12 16:07:40.210534334,0.15,0.0,0.0,0.0,0.0,0.0
657,2022-06-12 16:07:40.229199647,0.15,0.0,0.0,0.0,0.0,0.0
658,2022-06-12 16:07:40.249742031,0.15,0.0,0.0,0.0,0.0,0.0
659,2022-06-12 16:07:40.269632101,0.15,0.0,0.0,0.0,0.0,0.0
660,2022-06-12 16:07:40.289697170,0.15,0.0,0.0,0.0,0.0,0.0
661,2022-06-12 16:07:40.310164213,0.15,0.0,0.0,0.0,0.0,0.0
662,2022-06-12 16:07:40.329973459,0.15,0.0,0.0,0.0,0.0,0.0
663,2022-06-12 16:07:40.350283622,0.15,0.0,0.0,0.0,0.0,0.0
664,2022-06-12 16:07:40.370239734,0.15,0.0,0.0,0.0,0.0,0.0
665,2022-06-12 16:07:40.396664857,0.15,0.0,0.0,0.0,0.0,0.0
666,2022-06-12 16:07:40.423186063,0.15,0.0,0.0,0.0,0.0,0.0
667,2022-06-12 16:07:40.435679912,0.15,0.0,0.0,0.0,0.0,0.0
668,2022-06-12 16:07:40.454516172,0.15,0.0,0.0,0.0,0.0,0.0
669,2022-06-12 16:07:40.477113246,0.15,0.0,0.0,0.0,0.0,0.0
670,2022-06-12 16:07:40.494832992,0.15,0.0,0.0,0.0,0.0,0.0
671,2022-06-12 16:07:40.513471841,0.15,0.0,0.0,0.0,0.0,0.0
672,2022-06-12 16:07:40.535429954,0.15,0.0,0.0,0.0,0.0,0.0
673,2022-06-12 16:07:40.553876638,0.15,0.0,0.0,0.0,0.0,0.0
674,2022-06-12 16:07:40.573795080,0.15,0.0,0.0,0.0,0.0,0.0
675,2022-06-12 16:07:40.596017360,0.15,0.0,0.0,0.0,0.0,0.0
676,2022-06-12 16:07:40.613905906,0.15,0.0,0.0,0.0,0.0,0.0
677,2022-06-12 16:07:40.635779619,0.15,0.0,0.0,0.0,0.0,0.0
678,2022-06-12 16:07:40.654162883,0.15,0.0,0.0,0.0,0.0,0.0
679,2022-06-12 16:07:40.676414728,0.15,0.0,0.0,0.0,0.0,0.0
680,2022-06-12 16:07:40.694805622,0.15,0.0,0.0,0.0,0.0,0.0
681,2022-06-12 16:07:40.716035127,0.15,0.0,0.0,0.0,0.0,0.0
682,2022-06-12 16:07:40.736595153,0.15,0.0,0.0,0.0,0.0,0.0
683,2022-06-12 16:07:40.755095005,0.15,0.0,0.0,0.0,0.0,0.0
684,2022-06-12 16:07:40.776997566,0.15,0.0,0.0,0.0,0.0,0.0
685,2022-06-12 16:07:40.795442581,0.15,0.0,0.0,0.0,0.0,0.0
686,2022-06-12 16:07:40.815555810,0.15,0.0,0.0,0.0,0.0,0.0
687,2022-06-12 16:07:40.837671756,0.15,0.0,0.0,0.0,0.0,0.0
688,2022-06-12 16:07:40.855826616,0.15,0.0,0.0,0.0,0.0,0.0
689,2022-06-12 16:07:40.877632141,0.15,0.0,0.0,0.0,0.0,0.0
690,2022-06-12 16:07:40.896143198,0.15,0.0,0.0,0.0,0.0,0.0
691,2022-06-12 16:07:40.916188001,0.15,0.0,0.0,0.0,0.0,0.0
692,2022-06-12 16:07:40.936798095,0.15,0.0,0.0,0.0,0.0,0.0
693,2022-06-12 16:07:40.956517696,0.15,0.0,0.0,0.0,0.0,0.0
694,2022-06-12 16:07:40.978316783,0.15,0.0,0.0,0.0,0.0,0.0
695,2022-06-12 16:07:40.996910572,0.15,0.0,0.0,0.0,0.0,0.0
696,2022-06-12 16:07:41.17124176,0.15,0.0,0.0,0.0,0.0,0.0
697,2022-06-12 16:07:41.38808345,0.15,0.0,0.0,0.0,0.0,0.0
698,2022-06-12 16:07:41.57482719,0.15,0.0,0.0,0.0,0.0,0.0
699,2022-06-12 16:07:41.79055309,0.15,0.0,0.0,0.0,0.0,0.0
700,2022-06-12 16:07:41.97718715,0.15,0.0,0.0,0.0,0.0,0.0
701,2022-06-12 16:07:41.118319272,0.15,0.0,0.0,0.0,0.0,0.0
702,2022-06-12 16:07:41.139413833,0.15,0.0,0.0,0.0,0.0,0.0
703,2022-06-12 16:07:41.158181428,0.15,0.0,0.0,0.0,0.0,0.0
704,2022-06-12 16:07:41.179975748,0.15,0.0,0.0,0.0,0.0,0.0
705,2022-06-12 16:07:41.198400497,0.15,0.0,0.0,0.0,0.0,0.0
706,2022-06-12 16:07:41.218862056,0.15,0.0,0.0,0.0,0.0,0.0
707,2022-06-12 16:07:41.238705635,0.15,0.0,0.0,0.0,0.0,0.0
708,2022-06-12 16:07:41.258563995,0.15,0.0,0.0,0.0,0.0,0.0
709,2022-06-12 16:07:41.280511856,0.15,0.0,0.0,0.0,0.0,0.0
710,2022-06-12 16:07:41.298835039,0.15,0.0,0.0,0.0,0.0,0.0
711,2022-06-12 16:07:41.319083213,0.15,0.0,0.0,0.0,0.0,0.0
712,2022-06-12 16:07:41.340440988,0.15,0.0,0.0,0.0,0.0,0.0
713,2022-06-12 16:07:41.359366655,0.15,0.0,0.0,0.0,0.0,0.0
714,2022-06-12 16:07:41.380950450,0.15,0.0,0.0,0.0,0.0,0.0
715,2022-06-12 16:07:41.399494171,0.15,0.0,0.0,0.0,0.0,0.0
716,2022-06-12 16:07:41.419796705,0.15,0.0,0.0,0.0,0.0,0.0
717,2022-06-12 16:07:41.441447257,0.15,0.0,0.0,0.0,0.0,0.0
718,2022-06-12 16:07:41.462118864,0.15,0.0,0.0,0.0,0.0,0.0
719,2022-06-12 16:07:41.484138727,0.15,0.0,0.0,0.0,0.0,0.0
720,2022-06-12 16:07:41.507426261,0.15,0.0,0.0,0.0,0.0,0.0
721,2022-06-12 16:07:41.523705959,0.15,0.0,0.0,0.0,0.0,0.0
722,2022-06-12 16:07:41.546480178,0.15,0.0,0.0,0.0,0.0,0.0
723,2022-06-12 16:07:41.562862396,0.15,0.0,0.0,0.0,0.0,0.0
724,2022-06-12 16:07:41.585630178,0.15,0.0,0.0,0.0,0.0,0.0
725,2022-06-12 16:07:41.605754137,0.15,0.0,0.0,0.0,0.0,0.0
726,2022-06-12 16:07:41.626999378,0.15,0.0,0.0,0.0,0.0,0.0
727,2022-06-12 16:07:41.645849943,0.15,0.0,0.0,0.0,0.0,0.0
728,2022-06-12 16:07:41.664958000,0.15,0.0,0.0,0.0,0.0,0.0
729,2022-06-12 16:07:41.684033393,0.15,0.0,0.0,0.0,0.0,0.0
730,2022-06-12 16:07:41.705472946,0.15,0.0,0.0,0.0,0.0,0.0
731,2022-06-12 16:07:41.727344274,0.15,0.0,0.0,0.0,0.0,0.0
732,2022-06-12 16:07:41.747440338,0.15,0.0,0.0,0.0,0.0,0.0
733,2022-06-12 16:07:41.767330646,0.15,0.0,0.0,0.0,0.0,0.0
734,2022-06-12 16:07:41.787188291,0.15,0.0,0.0,0.0,0.0,0.0
735,2022-06-12 16:07:41.812592744,0.15,0.0,0.0,0.0,0.0,0.0
736,2022-06-12 16:07:41.827466487,0.15,0.0,0.0,0.0,0.0,0.0
737,2022-06-12 16:07:41.847789049,0.15,0.0,0.0,0.0,0.0,0.0
738,2022-06-12 16:07:41.868886947,0.15,0.0,0.0,0.0,0.0,0.0
739,2022-06-12 16:07:41.887751102,0.15,0.0,0.0,0.0,0.0,0.0
740,2022-06-12 16:07:41.909294843,0.15,0.0,0.0,0.0,0.0,0.0
741,2022-06-12 16:07:41.928431272,0.15,0.0,0.0,0.0,0.0,0.0
742,2022-06-12 16:07:41.948381185,0.15,0.0,0.0,0.0,0.0,0.0
743,2022-06-12 16:07:41.968770265,0.15,0.0,0.0,0.0,0.0,0.0
744,2022-06-12 16:07:41.988985300,0.15,0.0,0.0,0.0,0.0,0.0
745,2022-06-12 16:07:42.11309623,0.15,0.0,0.0,0.0,0.0,0.0
746,2022-06-12 16:07:42.29076576,0.15,0.0,0.0,0.0,0.0,0.0
747,2022-06-12 16:07:42.49383163,0.15,0.0,0.0,0.0,0.0,0.0
748,2022-06-12 16:07:42.69548845,0.15,0.0,0.0,0.0,0.0,0.0
749,2022-06-12 16:07:42.89363574,0.15,0.0,0.0,0.0,0.0,0.0
750,2022-06-12 16:07:42.111781120,0.15,0.0,0.0,0.0,0.0,0.0
751,2022-06-12 16:07:42.129656553,0.15,0.0,0.0,0.0,0.0,0.0
752,2022-06-12 16:07:42.149913787,0.15,0.0,0.0,0.0,0.0,0.0
753,2022-06-12 16:07:42.170828819,0.15,0.0,0.0,0.0,0.0,0.0
754,2022-06-12 16:07:42.190178871,0.15,0.0,0.0,0.0,0.0,0.0
755,2022-06-12 16:07:42.215174913,0.15,0.0,0.0,0.0,0.0,0.0
756,2022-06-12 16:07:42.233282566,0.15,0.0,0.0,0.0,0.0,0.0
757,2022-06-12 16:07:42.252970933,0.15,0.0,0.0,0.0,0.0,0.0
758,2022-06-12 16:07:42.271695852,0.15,0.0,0.0,0.0,0.0,0.0
759,2022-06-12 16:07:42.291578292,0.15,0.0,0.0,0.0,0.0,0.0
760,2022-06-12 16:07:42.313377141,0.15,0.0,0.0,0.0,0.0,0.0
761,2022-06-12 16:07:42.332072019,0.15,0.0,0.0,0.0,0.0,0.0
762,2022-06-12 16:07:42.352288007,0.15,0.0,0.0,0.0,0.0,0.0
763,2022-06-12 16:07:42.374151229,0.15,0.0,0.0,0.0,0.0,0.0
764,2022-06-12 16:07:42.392497777,0.15,0.0,0.0,0.0,0.0,0.0
765,2022-06-12 16:07:42.416016340,0.15,0.0,0.0,0.0,0.0,0.0
766,2022-06-12 16:07:42.432682514,0.15,0.0,0.0,0.0,0.0,0.0
767,2022-06-12 16:07:42.452734708,0.15,0.0,0.0,0.0,0.0,0.0
768,2022-06-12 16:07:42.474528312,0.15,0.0,0.0,0.0,0.0,0.0
769,2022-06-12 16:07:42.493039369,0.15,0.0,0.0,0.0,0.0,0.0
770,2022-06-12 16:07:42.513178348,0.15,0.0,0.0,0.0,0.0,0.0
771,2022-06-12 16:07:42.533588171,0.15,0.0,0.0,0.0,0.0,0.0
772,2022-06-12 16:07:42.553766965,0.15,0.0,0.0,0.0,0.0,0.0
773,2022-06-12 16:07:42.574778795,0.15,0.0,0.0,0.0,0.0,0.0
774,2022-06-12 16:07:42.593944549,0.15,0.0,0.0,0.0,0.0,0.0
775,2022-06-12 16:07:42.617257833,0.15,0.0,0.0,0.0,0.0,0.0
776,2022-06-12 16:07:42.635492324,0.15,0.0,0.0,0.0,0.0,0.0
777,2022-06-12 16:07:42.655664443,0.15,0.0,0.0,0.0,0.0,0.0
778,2022-06-12 16:07:42.677207469,0.15,0.0,0.0,0.0,0.0,0.0
779,2022-06-12 16:07:42.695739507,0.15,0.0,0.0,0.0,0.0,0.0
780,2022-06-12 16:07:42.721912860,0.15,0.0,0.0,0.0,0.0,0.0
781,2022-06-12 16:07:42.737805843,0.15,0.0,0.0,0.0,0.0,0.0
782,2022-06-12 16:07:42.757243156,0.15,0.0,0.0,0.0,0.0,0.0
783,2022-06-12 16:07:42.779211282,0.15,0.0,0.0,0.0,0.0,0.0
784,2022-06-12 16:07:42.797563552,0.15,0.0,0.0,0.0,0.0,0.0
785,2022-06-12 16:07:42.820484399,0.15,0.0,0.0,0.0,0.0,0.0
786,2022-06-12 16:07:42.838281154,0.15,0.0,0.0,0.0,0.0,0.0
787,2022-06-12 16:07:42.858048677,0.15,0.0,0.0,0.0,0.0,0.0
788,2022-06-12 16:07:42.879662275,0.15,0.0,0.0,0.0,0.0,0.0
789,2022-06-12 16:07:42.898233890,0.15,0.0,0.0,0.0,0.0,0.0
790,2022-06-12 16:07:42.918099880,0.15,0.0,0.0,0.0,0.0,0.0
791,2022-06-12 16:07:42.938480377,0.15,0.0,0.0,0.0,0.0,0.0
792,2022-06-12 16:07:42.958657264,0.15,0.0,0.0,0.0,0.0,0.0
793,2022-06-12 16:07:42.980497360,0.15,0.0,0.0,0.0,0.0,0.0
794,2022-06-12 16:07:42.998682260,0.15,0.0,0.0,0.0,0.0,0.0
795,2022-06-12 16:07:43.18995046,0.15,0.0,0.0,0.0,0.0,0.0
796,2022-06-12 16:07:43.39231538,0.15,0.0,0.0,0.0,0.0,0.0
797,2022-06-12 16:07:43.63659667,0.15,0.0,0.0,0.0,0.0,0.0
798,2022-06-12 16:07:43.80893754,0.15,0.0,0.0,0.0,0.0,0.0
799,2022-06-12 16:07:43.99915742,0.15,0.0,0.0,0.0,0.0,0.0
800,2022-06-12 16:07:43.124264717,0.15,0.0,0.0,0.0,0.0,0.0
801,2022-06-12 16:07:43.143661260,0.15,0.0,0.0,0.0,0.0,0.0
802,2022-06-12 16:07:43.162465095,0.15,0.0,0.0,0.0,0.0,0.0
803,2022-06-12 16:07:43.184775114,0.15,0.0,0.0,0.0,0.0,0.0
804,2022-06-12 16:07:43.206612110,0.15,0.0,0.0,0.0,0.0,0.0
805,2022-06-12 16:07:43.226921796,0.15,0.0,0.0,0.0,0.0,0.0
806,2022-06-12 16:07:43.243827342,0.15,0.0,0.0,0.0,0.0,0.0
807,2022-06-12 16:07:43.263417243,0.15,0.0,0.0,0.0,0.0,0.0
808,2022-06-12 16:07:43.286236763,0.15,0.0,0.0,0.0,0.0,0.0
809,2022-06-12 16:07:43.305624723,0.15,0.0,0.0,0.0,0.0,0.0
810,2022-06-12 16:07:43.324676275,0.15,0.0,0.0,0.0,0.0,0.0
811,2022-06-12 16:07:43.345777988,0.15,0.0,0.0,0.0,0.0,0.0
812,2022-06-12 16:07:43.367520332,0.15,0.0,0.0,0.0,0.0,0.0
813,2022-06-12 16:07:43.388193368,0.15,0.0,0.0,0.0,0.0,0.0
814,2022-06-12 16:07:43.406733989,0.15,0.0,0.0,0.0,0.0,0.0
815,2022-06-12 16:07:43.426691055,0.15,0.0,0.0,0.0,0.0,0.0
816,2022-06-12 16:07:43.448977947,0.15,0.0,0.0,0.0,0.0,0.0
817,2022-06-12 16:07:43.468359231,0.15,0.0,0.0,0.0,0.0,0.0
818,2022-06-12 16:07:43.488563060,0.15,0.0,0.0,0.0,0.0,0.0
819,2022-06-12 16:07:43.510277271,0.15,0.0,0.0,0.0,0.0,0.0
820,2022-06-12 16:07:43.528691053,0.15,0.0,0.0,0.0,0.0,0.0
821,2022-06-12 16:07:43.548973083,0.15,0.0,0.0,0.0,0.0,0.0
822,2022-06-12 16:07:43.569025516,0.15,0.0,0.0,0.0,0.0,0.0
823,2022-06-12 16:07:43.589489698,0.15,0.0,0.0,0.0,0.0,0.0
824,2022-06-12 16:07:43.611067295,0.15,0.0,0.0,0.0,0.0,0.0
825,2022-06-12 16:07:43.630163669,0.15,0.0,0.0,0.0,0.0,0.0
826,2022-06-12 16:07:43.651579856,0.15,0.0,0.0,0.0,0.0,0.0
827,2022-06-12 16:07:43.670619964,0.15,0.0,0.0,0.0,0.0,0.0
828,2022-06-12 16:07:43.690433502,0.15,0.0,0.0,0.0,0.0,0.0
829,2022-06-12 16:07:43.711266040,0.15,0.0,0.0,0.0,0.0,0.0
830,2022-06-12 16:07:43.731055974,0.15,0.0,0.0,0.0,0.0,0.0
831,2022-06-12 16:07:43.751334905,0.15,0.0,0.0,0.0,0.0,0.0
832,2022-06-12 16:07:43.771639347,0.15,0.0,0.0,0.0,0.0,0.0
833,2022-06-12 16:07:43.791692495,0.15,0.0,0.0,0.0,0.0,0.0
834,2022-06-12 16:07:43.816542863,0.15,0.0,0.0,0.0,0.0,0.0
835,2022-06-12 16:07:43.834623575,0.15,0.0,0.0,0.0,0.0,0.0
836,2022-06-12 16:07:43.853634834,0.15,0.0,0.0,0.0,0.0,0.0
837,2022-06-12 16:07:43.875409841,0.15,0.0,0.0,0.0,0.0,0.0
838,2022-06-12 16:07:43.893931150,0.15,0.0,0.0,0.0,0.0,0.0
839,2022-06-12 16:07:43.914119720,0.15,0.0,0.0,0.0,0.0,0.0
840,2022-06-12 16:07:43.934140682,0.15,0.0,0.0,0.0,0.0,0.0
841,2022-06-12 16:07:43.954332351,0.15,0.0,0.0,0.0,0.0,0.0
842,2022-06-12 16:07:43.975940942,0.15,0.0,0.0,0.0,0.0,0.0
843,2022-06-12 16:07:43.994674921,0.15,0.0,0.0,0.0,0.0,0.0
844,2022-06-12 16:07:44.14761447,0.15,0.0,0.0,0.0,0.0,0.0
845,2022-06-12 16:07:44.34742832,0.15,0.0,0.0,0.0,0.0,0.0
846,2022-06-12 16:07:44.55020093,0.15,0.0,0.0,0.0,0.0,0.0
847,2022-06-12 16:07:44.76787233,0.15,0.0,0.0,0.0,0.0,0.0
848,2022-06-12 16:07:44.95162153,0.15,0.0,0.0,0.0,0.0,0.0
849,2022-06-12 16:07:44.121226072,0.15,0.0,0.0,0.0,0.0,0.0
850,2022-06-12 16:07:44.135450839,0.15,0.0,0.0,0.0,0.0,0.0
851,2022-06-12 16:07:44.155498981,0.15,0.0,0.0,0.0,0.0,0.0
852,2022-06-12 16:07:44.177155256,0.15,0.0,0.0,0.0,0.0,0.0
853,2022-06-12 16:07:44.195906400,0.15,0.0,0.0,0.0,0.0,0.0
854,2022-06-12 16:07:44.217848539,0.15,0.0,0.0,0.0,0.0,0.0
855,2022-06-12 16:07:44.237529277,0.15,0.0,0.0,0.0,0.0,0.0
856,2022-06-12 16:07:44.259426593,0.15,0.0,0.0,0.0,0.0,0.0
857,2022-06-12 16:07:44.279840469,0.15,0.0,0.0,0.0,0.0,0.0
858,2022-06-12 16:07:44.298070192,0.15,0.0,0.0,0.0,0.0,0.0
859,2022-06-12 16:07:44.321738719,0.15,0.0,0.0,0.0,0.0,0.0
860,2022-06-12 16:07:44.341321706,0.15,0.0,0.0,0.0,0.0,0.0
861,2022-06-12 16:07:44.361774444,0.15,0.0,0.0,0.0,0.0,0.0
862,2022-06-12 16:07:44.381577491,0.15,0.0,0.0,0.0,0.0,0.0
863,2022-06-12 16:07:44.400048971,0.15,0.0,0.0,0.0,0.0,0.0
864,2022-06-12 16:07:44.420040369,0.15,0.0,0.0,0.0,0.0,0.0
865,2022-06-12 16:07:44.440144062,0.15,0.0,0.0,0.0,0.0,0.0
866,2022-06-12 16:07:44.462275266,0.15,0.0,0.0,0.0,0.0,0.0
867,2022-06-12 16:07:44.482038736,0.15,0.0,0.0,0.0,0.0,0.0
868,2022-06-12 16:07:44.501767873,0.15,0.0,0.0,0.0,0.0,0.0
869,2022-06-12 16:07:44.525332212,0.15,0.0,0.0,0.0,0.0,0.0
870,2022-06-12 16:07:44.542753696,0.15,0.0,0.0,0.0,0.0,0.0
871,2022-06-12 16:07:44.570560693,0.15,0.0,0.0,0.0,0.0,0.0
872,2022-06-12 16:07:44.586013793,0.15,0.0,0.0,0.0,0.0,0.0
873,2022-06-12 16:07:44.604484796,0.15,0.0,0.0,0.0,0.0,0.0
874,2022-06-12 16:07:44.622737884,0.15,0.0,0.0,0.0,0.0,0.0
875,2022-06-12 16:07:44.643574953,0.15,0.0,0.0,0.0,0.0,0.0
876,2022-06-12 16:07:44.663001060,0.15,0.0,0.0,0.0,0.0,0.0
877,2022-06-12 16:07:44.686010599,0.15,0.0,0.0,0.0,0.0,0.0
878,2022-06-12 16:07:44.706564426,0.15,0.0,0.0,0.0,0.0,0.0
879,2022-06-12 16:07:44.732638359,0.15,0.0,0.0,0.0,0.0,0.0
880,2022-06-12 16:07:44.746700048,0.15,0.0,0.0,0.0,0.0,0.0
881,2022-06-12 16:07:44.766635179,0.15,0.0,0.0,0.0,0.0,0.0
882,2022-06-12 16:07:44.786667108,0.15,0.0,0.0,0.0,0.0,0.0
883,2022-06-12 16:07:44.807341337,0.15,0.0,0.0,0.0,0.0,0.0
884,2022-06-12 16:07:44.827105998,0.15,0.0,0.0,0.0,0.0,0.0
885,2022-06-12 16:07:44.847389698,0.15,0.0,0.0,0.0,0.0,0.0
886,2022-06-12 16:07:44.867546558,0.15,0.0,0.0,0.0,0.0,0.0
887,2022-06-12 16:07:44.898615598,0.15,0.0,0.0,0.0,0.0,0.0
888,2022-06-12 16:07:44.916018962,0.15,0.0,0.0,0.0,0.0,0.0
889,2022-06-12 16:07:44.935676574,0.15,0.0,0.0,0.0,0.0,0.0
890,2022-06-12 16:07:44.955760478,0.15,0.0,0.0,0.0,0.0,0.0
891,2022-06-12 16:07:44.975234746,0.15,0.0,0.0,0.0,0.0,0.0
892,2022-06-12 16:07:44.996643066,0.15,0.0,0.0,0.0,0.0,0.0
893,2022-06-12 16:07:45.16998291,0.15,0.0,0.0,0.0,0.0,0.0
894,2022-06-12 16:07:45.35079002,0.15,0.0,0.0,0.0,0.0,0.0
895,2022-06-12 16:07:45.56912660,0.15,0.0,0.0,0.0,0.0,0.0
896,2022-06-12 16:07:45.75339317,0.15,0.0,0.0,0.0,0.0,0.0
897,2022-06-12 16:07:45.95332145,0.15,0.0,0.0,0.0,0.0,0.0
898,2022-06-12 16:07:45.117017507,0.15,0.0,0.0,0.0,0.0,0.0
899,2022-06-12 16:07:45.136087179,0.15,0.0,0.0,0.0,0.0,0.0
900,2022-06-12 16:07:45.157158136,0.15,0.0,0.0,0.0,0.0,0.0
901,2022-06-12 16:07:45.175857782,0.15,0.0,0.0,0.0,0.0,0.0
902,2022-06-12 16:07:45.195878505,0.15,0.0,0.0,0.0,0.0,0.0
903,2022-06-12 16:07:45.217525243,0.15,0.0,0.0,0.0,0.0,0.0
904,2022-06-12 16:07:45.236161708,0.15,0.0,0.0,0.0,0.0,0.0
905,2022-06-12 16:07:45.258094072,0.15,0.0,0.0,0.0,0.0,0.0
906,2022-06-12 16:07:45.276510238,0.15,0.0,0.0,0.0,0.0,0.0
907,2022-06-12 16:07:45.296553134,0.15,0.0,0.0,0.0,0.0,0.0
908,2022-06-12 16:07:45.318470716,0.15,0.0,0.0,0.0,0.0,0.0
909,2022-06-12 16:07:45.336755275,0.15,0.0,0.0,0.0,0.0,0.0
910,2022-06-12 16:07:45.358552932,0.15,0.0,0.0,0.0,0.0,0.0
911,2022-06-12 16:07:45.377147674,0.15,0.0,0.0,0.0,0.0,0.0
912,2022-06-12 16:07:45.398929119,0.15,0.0,0.0,0.0,0.0,0.0
913,2022-06-12 16:07:45.417245864,0.15,0.0,0.0,0.0,0.0,0.0
914,2022-06-12 16:07:45.437534809,0.15,0.0,0.0,0.0,0.0,0.0
915,2022-06-12 16:07:45.459243297,0.15,0.0,0.0,0.0,0.0,0.0
916,2022-06-12 16:07:45.477864503,0.15,0.0,0.0,0.0,0.0,0.0
917,2022-06-12 16:07:45.497828245,0.15,0.0,0.0,0.0,0.0,0.0
918,2022-06-12 16:07:45.518027544,0.15,0.0,0.0,0.0,0.0,0.0
919,2022-06-12 16:07:45.538337469,0.15,0.0,0.0,0.0,0.0,0.0
920,2022-06-12 16:07:45.560293912,0.15,0.0,0.0,0.0,0.0,0.0
921,2022-06-12 16:07:45.578529596,0.15,0.0,0.0,0.0,0.0,0.0
922,2022-06-12 16:07:45.600234031,0.15,0.0,0.0,0.0,0.0,0.0
923,2022-06-12 16:07:45.620294332,0.15,0.0,0.0,0.0,0.0,0.0
924,2022-06-12 16:07:45.638752698,0.15,0.0,0.0,0.0,0.0,0.0
925,2022-06-12 16:07:45.660215854,0.15,0.0,0.0,0.0,0.0,0.0
926,2022-06-12 16:07:45.679106473,0.15,0.0,0.0,0.0,0.0,0.0
927,2022-06-12 16:07:45.700635433,0.15,0.0,0.0,0.0,0.0,0.0
928,2022-06-12 16:07:45.719259977,0.15,0.0,0.0,0.0,0.0,0.0
929,2022-06-12 16:07:45.739375114,0.15,0.0,0.0,0.0,0.0,0.0
930,2022-06-12 16:07:45.761122703,0.15,0.0,0.0,0.0,0.0,0.0
931,2022-06-12 16:07:45.779640674,0.15,0.0,0.0,0.0,0.0,0.0
932,2022-06-12 16:07:45.800641298,0.15,0.0,0.0,0.0,0.0,0.0
933,2022-06-12 16:07:45.819805383,0.15,0.0,0.0,0.0,0.0,0.0
934,2022-06-12 16:07:45.840212106,0.15,0.0,0.0,0.0,0.0,0.0
935,2022-06-12 16:07:45.861922502,0.15,0.0,0.0,0.0,0.0,0.0
936,2022-06-12 16:07:45.880504846,0.15,0.0,0.0,0.0,0.0,0.0
937,2022-06-12 16:07:45.902022123,0.15,0.0,0.0,0.0,0.0,0.0
938,2022-06-12 16:07:45.923709630,0.15,0.0,0.0,0.0,0.0,0.0
939,2022-06-12 16:07:45.943596839,0.15,0.0,0.0,0.0,0.0,0.0
940,2022-06-12 16:07:45.963753700,0.15,0.0,0.0,0.0,0.0,0.0
941,2022-06-12 16:07:45.981727838,0.15,0.0,0.0,0.0,0.0,0.0
942,2022-06-12 16:07:46.8422851,0.15,0.0,0.0,0.0,0.0,0.0
943,2022-06-12 16:07:46.23880004,0.15,0.0,0.0,0.0,0.0,0.0
944,2022-06-12 16:07:46.44126987,0.15,0.0,0.0,0.0,0.0,0.0
945,2022-06-12 16:07:46.65339803,0.15,0.0,0.0,0.0,0.0,0.0
946,2022-06-12 16:07:46.84734678,0.15,0.0,0.0,0.0,0.0,0.0
947,2022-06-12 16:07:46.106223344,0.15,0.0,0.0,0.0,0.0,0.0
948,2022-06-12 16:07:46.122550964,0.15,0.0,0.0,0.0,0.0,0.0
949,2022-06-12 16:07:46.145130634,0.15,0.0,0.0,0.0,0.0,0.0
950,2022-06-12 16:07:46.163018703,0.15,0.0,0.0,0.0,0.0,0.0
951,2022-06-12 16:07:46.185154676,0.15,0.0,0.0,0.0,0.0,0.0
952,2022-06-12 16:07:46.206517219,0.15,0.0,0.0,0.0,0.0,0.0
953,2022-06-12 16:07:46.226016521,0.15,0.0,0.0,0.0,0.0,0.0
954,2022-06-12 16:07:46.245302438,0.15,0.0,0.0,0.0,0.0,0.0
955,2022-06-12 16:07:46.265469551,0.15,0.0,0.0,0.0,0.0,0.0
956,2022-06-12 16:07:46.285579919,0.15,0.0,0.0,0.0,0.0,0.0
957,2022-06-12 16:07:46.308880567,0.15,0.0,0.0,0.0,0.0,0.0
958,2022-06-12 16:07:46.331797361,0.15,0.0,0.0,0.0,0.0,0.0
959,2022-06-12 16:07:46.347886800,0.15,0.0,0.0,0.0,0.0,0.0
960,2022-06-12 16:07:46.368146896,0.15,0.0,0.0,0.0,0.0,0.0
961,2022-06-12 16:07:46.388334751,0.15,0.0,0.0,0.0,0.0,0.0
962,2022-06-12 16:07:46.410238265,0.15,0.0,0.0,0.0,0.0,0.0
963,2022-06-12 16:07:46.430679559,0.15,0.0,0.0,0.0,0.0,0.0
964,2022-06-12 16:07:46.448931932,0.15,0.0,0.0,0.0,0.0,0.0
965,2022-06-12 16:07:46.469205856,0.15,0.0,0.0,0.0,0.0,0.0
966,2022-06-12 16:07:46.489270210,0.15,0.0,0.0,0.0,0.0,0.0
967,2022-06-12 16:07:46.510627746,0.15,0.0,0.0,0.0,0.0,0.0
968,2022-06-12 16:07:46.531019210,0.15,0.0,0.0,0.0,0.0,0.0
969,2022-06-12 16:07:46.549583673,0.15,0.0,0.0,0.0,0.0,0.0
970,2022-06-12 16:07:46.569715261,0.15,0.0,0.0,0.0,0.0,0.0
971,2022-06-12 16:07:46.589911699,0.15,0.0,0.0,0.0,0.0,0.0
972,2022-06-12 16:07:46.610010385,0.15,0.0,0.0,0.0,0.0,0.0
973,2022-06-12 16:07:46.632173776,0.15,0.0,0.0,0.0,0.0,0.0
974,2022-06-12 16:07:46.650391817,0.15,0.0,0.0,0.0,0.0,0.0
975,2022-06-12 16:07:46.670271158,0.15,0.0,0.0,0.0,0.0,0.0
976,2022-06-12 16:07:46.690518379,0.15,0.0,0.0,0.0,0.0,0.0
977,2022-06-12 16:07:46.710810661,0.15,0.0,0.0,0.0,0.0,0.0
978,2022-06-12 16:07:46.712916851,0.15,0.0,0.0,0.0,0.0,0.0
979,2022-06-12 16:07:46.717078208,0.15,0.0,0.0,0.0,0.0,0.0
980,2022-06-12 16:07:46.726723670,0.15,0.0,0.0,0.0,0.0,0.0
981,2022-06-12 16:07:46.727763652,0.15,0.0,0.0,0.0,0.0,0.0
982,2022-06-12 16:07:46.729443788,0.15,0.0,0.0,0.0,0.0,0.0
983,2022-06-12 16:07:46.734758138,0.15,0.0,0.0,0.0,0.0,0.0
984,2022-06-12 16:07:46.736831903,0.15,0.0,0.0,0.0,0.0,0.0
985,2022-06-12 16:07:46.746008396,0.15,0.0,0.0,0.0,0.0,-0.015324730798602103
986,2022-06-12 16:07:46.746326923,0.15,0.0,0.0,0.0,0.0,-0.022347456961870193
987,2022-06-12 16:07:46.749328136,0.15,0.0,0.0,0.0,0.0,-0.025864020735025407
988,2022-06-12 16:07:46.753106832,0.15,0.0,0.0,0.0,0.0,-0.03289715051651001
989,2022-06-12 16:07:46.757011890,0.15,0.0,0.0,0.0,0.0,-0.03991987556219101
990,2022-06-12 16:07:46.770287275,0.15,0.0,0.0,0.0,0.0,-0.050469566881656644
991,2022-06-12 16:07:46.773055315,0.15,0.0,0.0,0.0,0.0,-0.05397572815418243
992,2022-06-12 16:07:46.789481639,0.15,0.0,0.0,0.0,0.0,-0.061008860170841214
993,2022-06-12 16:07:46.810014963,0.15,0.0,0.0,0.0,0.0,-0.061008860170841214
994,2022-06-12 16:07:46.813286066,0.15,0.0,0.0,0.0,0.0,-0.06804198771715164
995,2022-06-12 16:07:46.834842920,0.15,0.0,0.0,0.0,0.0,-0.06804198771715164
996,2022-06-12 16:07:46.853406429,0.15,0.0,0.0,0.0,0.0,-0.06804198771715164
997,2022-06-12 16:07:46.865182399,0.15,0.0,0.0,0.0,0.0,-0.07155855149030685
998,2022-06-12 16:07:46.873204469,0.15,0.0,0.0,0.0,0.0,-0.07858127653598786
999,2022-06-12 16:07:46.887693405,0.15,0.0,0.0,0.0,0.0,-0.08209784030914306
1000,2022-06-12 16:07:46.889088630,0.15,0.0,0.0,0.0,0.0,-0.08913096785545349
1001,2022-06-12 16:07:46.898825883,0.15,0.0,0.0,0.0,0.0,-0.09615369737148284
1002,2022-06-12 16:07:46.909697532,0.15,0.0,0.0,0.0,0.0,-0.09967026114463806
1003,2022-06-12 16:07:46.929459571,0.15,0.0,0.0,0.0,0.0,-0.09967026114463806
1004,2022-06-12 16:07:46.934903860,0.15,0.0,0.0,0.0,0.0,-0.10670338869094849
1005,2022-06-12 16:07:46.953181028,0.15,0.0,0.0,0.0,0.0,-0.10670338869094849
1006,2022-06-12 16:07:46.975165843,0.15,0.0,0.0,0.0,0.0,-0.10670338869094849
1007,2022-06-12 16:07:46.977251768,0.15,0.0,0.0,0.0,0.0,-0.1102199524641037
1008,2022-06-12 16:07:46.998819112,0.15,0.0,0.0,0.0,0.0,-0.1102199524641037
1009,2022-06-12 16:07:47.17479896,0.15,0.0,0.0,0.0,0.0,-0.1102199524641037
1010,2022-06-12 16:07:47.37502765,0.15,0.0,0.0,0.0,0.0,-0.1102199524641037
1011,2022-06-12 16:07:47.57387113,0.15,0.0,0.0,0.0,0.0,-0.11724268198013305
1012,2022-06-12 16:07:47.79227209,0.15,0.0,0.0,0.0,0.0,-0.11724268198013305
1013,2022-06-12 16:07:47.99391222,0.15,0.0,0.0,0.0,0.0,-0.11724268198013305
1014,2022-06-12 16:07:47.117619752,0.15,0.0,0.0,0.0,0.0,-0.11724268198013305
1015,2022-06-12 16:07:47.139509677,0.15,0.0,0.0,0.0,0.0,-0.11724268198013305
1016,2022-06-12 16:07:47.146923542,0.15,0.0,0.0,0.0,0.0,-0.12427580952644347
1017,2022-06-12 16:07:47.157435655,0.15,0.0,0.0,0.0,0.0,-0.1277923732995987
1018,2022-06-12 16:07:47.179412126,0.15,0.0,0.0,0.0,0.0,-0.13481510281562806
1019,2022-06-12 16:07:47.199377059,0.15,0.0,0.0,0.0,0.0,-0.13481510281562806
1020,2022-06-12 16:07:47.217594146,0.15,0.0,0.0,0.0,0.0,-0.13481510281562806
1021,2022-06-12 16:07:47.239820718,0.15,0.0,0.0,0.0,0.0,-0.13481510281562806
1022,2022-06-12 16:07:47.250214576,0.15,0.0,0.0,0.0,0.0,-0.13833166658878326
1023,2022-06-12 16:07:47.263373851,0.15,0.0,0.0,0.0,0.0,-0.14536479413509368
1024,2022-06-12 16:07:47.271097660,0.15,0.0,0.0,0.0,0.0,-0.15238752365112304
1025,2022-06-12 16:07:47.283654212,0.15,0.0,0.0,0.0,0.0,-0.15590407848358154
1026,2022-06-12 16:07:47.303487777,0.15,0.0,0.0,0.0,0.0,-0.15590407848358154
1027,2022-06-12 16:07:47.323103666,0.15,0.0,0.0,0.0,0.0,-0.15590407848358154
1028,2022-06-12 16:07:47.345856189,0.15,0.0,0.0,0.0,0.0,-0.15590407848358154
1029,2022-06-12 16:07:47.362931489,0.15,0.0,0.0,0.0,0.0,-0.15590407848358154
1030,2022-06-12 16:07:47.384171247,0.15,0.0,0.0,0.0,0.0,-0.15590407848358154
1031,2022-06-12 16:07:47.389068603,0.15,0.0,0.0,0.0,0.0,-0.13833166658878326
1032,2022-06-12 16:07:47.393162250,0.15,0.0,0.0,0.0,0.0,-0.13481510281562806
1033,2022-06-12 16:07:47.404412269,0.15,0.0,0.0,0.0,0.0,-0.1277923732995987
1034,2022-06-12 16:07:47.412477254,0.15,0.0,0.0,0.0,0.0,-0.1102199524641037
1035,2022-06-12 16:07:47.412728786,0.15,0.0,0.0,0.0,0.0,-0.10670338869094849
1036,2022-06-12 16:07:47.417044401,0.15,0.0,0.0,0.0,0.0,-0.09967026114463806
1037,2022-06-12 16:07:47.422990322,0.15,0.0,0.0,0.0,0.0,-0.08913096785545349
1038,2022-06-12 16:07:47.426469326,0.15,0.0,0.0,0.0,0.0,-0.08209784030914306
1039,2022-06-12 16:07:47.428936481,0.15,0.0,0.0,0.0,0.0,-0.07858127653598786
1040,2022-06-12 16:07:47.434864997,0.15,0.0,0.0,0.0,0.0,-0.06804198771715164
1041,2022-06-12 16:07:47.437193155,0.15,0.0,0.0,0.0,0.0,-0.05397572815418243
1042,2022-06-12 16:07:47.446439027,0.15,0.0,0.0,0.0,0.0,-0.050469566881656644
1043,2022-06-12 16:07:47.446791172,0.15,0.0,0.0,0.0,0.0,-0.03289715051651001
1044,2022-06-12 16:07:47.448997735,0.15,0.0,0.0,0.0,0.0,-0.022347456961870193
1045,2022-06-12 16:07:47.453011035,0.15,0.0,0.0,0.0,0.0,0.0
1046,2022-06-12 16:07:47.457293748,0.15,0.0,0.0,0.0,0.0,0.0
1047,2022-06-12 16:07:47.463422298,0.15,0.0,0.0,0.0,0.0,0.0
1048,2022-06-12 16:07:47.465919494,0.15,0.0,0.0,0.0,0.0,0.0
1049,2022-06-12 16:07:47.470748186,0.15,0.0,0.0,0.0,0.0,0.0
1050,2022-06-12 16:07:47.473150968,0.15,0.0,0.0,0.0,0.0,0.0
1051,2022-06-12 16:07:47.493273973,0.15,0.0,0.0,0.0,0.0,0.0
1052,2022-06-12 16:07:47.513458728,0.15,0.0,0.0,0.0,0.0,0.0
1053,2022-06-12 16:07:47.533549308,0.15,0.0,0.0,0.0,0.0,0.0
1054,2022-06-12 16:07:47.553775787,0.15,0.0,0.0,0.0,0.0,0.0
1055,2022-06-12 16:07:47.576771259,0.15,0.0,0.0,0.0,0.0,0.0
1056,2022-06-12 16:07:47.594092369,0.15,0.0,0.0,0.0,0.0,0.0
1057,2022-06-12 16:07:47.614097595,0.15,0.0,0.0,0.0,0.0,0.0
1058,2022-06-12 16:07:47.635835170,0.15,0.0,0.0,0.0,0.0,0.0
1059,2022-06-12 16:07:47.654548883,0.15,0.0,0.0,0.0,0.0,0.0
1060,2022-06-12 16:07:47.676143407,0.15,0.0,0.0,0.0,0.0,0.0
1061,2022-06-12 16:07:47.694651603,0.15,0.0,0.0,0.0,0.0,0.0
1062,2022-06-12 16:07:47.714873790,0.15,0.0,0.0,0.0,0.0,0.0
1063,2022-06-12 16:07:47.736783266,0.15,0.0,0.0,0.0,0.0,0.0
1064,2022-06-12 16:07:47.755047798,0.15,0.0,0.0,0.0,0.0,0.0
1065,2022-06-12 16:07:47.776971817,0.15,0.0,0.0,0.0,0.0,0.0
1066,2022-06-12 16:07:47.795302391,0.15,0.0,0.0,0.0,0.0,0.0
1067,2022-06-12 16:07:47.815367937,0.15,0.0,0.0,0.0,0.0,0.0
1068,2022-06-12 16:07:47.836968421,0.15,0.0,0.0,0.0,0.0,0.0
1069,2022-06-12 16:07:47.855673074,0.15,0.0,0.0,0.0,0.0,0.0
1070,2022-06-12 16:07:47.877608299,0.15,0.0,0.0,0.0,0.0,0.0
1071,2022-06-12 16:07:47.895799398,0.15,0.0,0.0,0.0,0.0,0.0
1072,2022-06-12 16:07:47.915988445,0.15,0.0,0.0,0.0,0.0,0.0
1073,2022-06-12 16:07:47.937904834,0.15,0.0,0.0,0.0,0.0,0.0
1074,2022-06-12 16:07:47.956278562,0.15,0.0,0.0,0.0,0.0,0.0
1075,2022-06-12 16:07:47.978062152,0.15,0.0,0.0,0.0,0.0,0.0
1076,2022-06-12 16:07:47.996544599,0.15,0.0,0.0,0.0,0.0,0.0
1077,2022-06-12 16:07:48.16777992,0.15,0.0,0.0,0.0,0.0,0.0
1078,2022-06-12 16:07:48.38594484,0.15,0.0,0.0,0.0,0.0,0.0
1079,2022-06-12 16:07:48.56976318,0.15,0.0,0.0,0.0,0.0,0.0
1080,2022-06-12 16:07:48.78701734,0.15,0.0,0.0,0.0,0.0,0.0
1081,2022-06-12 16:07:48.96905231,0.15,0.0,0.0,0.0,0.0,0.0
1082,2022-06-12 16:07:48.117202281,0.15,0.0,0.0,0.0,0.0,0.0
1083,2022-06-12 16:07:48.139565706,0.15,0.0,0.0,0.0,0.0,0.0
1084,2022-06-12 16:07:48.157700538,0.15,0.0,0.0,0.0,0.0,0.0
1085,2022-06-12 16:07:48.179486274,0.15,0.0,0.0,0.0,0.0,0.0
1086,2022-06-12 16:07:48.197782516,0.15,0.0,0.0,0.0,0.0,0.0
1087,2022-06-12 16:07:48.219559431,0.15,0.0,0.0,0.0,0.0,0.0
1088,2022-06-12 16:07:48.238261938,0.15,0.0,0.0,0.0,0.0,0.0
1089,2022-06-12 16:07:48.258394479,0.15,0.0,0.0,0.0,0.0,0.0
1090,2022-06-12 16:07:48.280094146,0.15,0.0,0.0,0.0,0.0,0.0
1091,2022-06-12 16:07:48.298410177,0.15,0.0,0.0,0.0,0.0,0.0
1092,2022-06-12 16:07:48.318441867,0.15,0.0,0.0,0.0,0.0,0.0
1093,2022-06-12 16:07:48.338849782,0.15,0.0,0.0,0.0,0.0,0.0
1094,2022-06-12 16:07:48.359020471,0.15,0.0,0.0,0.0,0.0,0.0
1095,2022-06-12 16:07:48.380890130,0.15,0.0,0.0,0.0,0.0,0.0
1096,2022-06-12 16:07:48.399120330,0.15,0.0,0.0,0.0,0.0,0.0
1097,2022-06-12 16:07:48.419284582,0.15,0.0,0.0,0.0,0.0,0.0
1098,2022-06-12 16:07:48.439601659,0.15,0.0,0.0,0.0,0.0,0.0
1099,2022-06-12 16:07:48.459548711,0.15,0.0,0.0,0.0,0.0,0.0
1100,2022-06-12 16:07:48.481381654,0.15,0.0,0.0,0.0,0.0,0.0
1101,2022-06-12 16:07:48.499776363,0.15,0.0,0.0,0.0,0.0,0.0
1102,2022-06-12 16:07:48.521543264,0.15,0.0,0.0,0.0,0.0,0.0
1103,2022-06-12 16:07:48.540477037,0.15,0.0,0.0,0.0,0.0,0.0
1104,2022-06-12 16:07:48.560567140,0.15,0.0,0.0,0.0,0.0,0.0
1105,2022-06-12 16:07:48.584750413,0.15,0.0,0.0,0.0,0.0,0.0
1106,2022-06-12 16:07:48.600570201,0.15,0.0,0.0,0.0,0.0,0.0
1107,2022-06-12 16:07:48.624144315,0.15,0.0,0.0,0.0,0.0,0.0
1108,2022-06-12 16:07:48.642341375,0.15,0.0,0.0,0.0,0.0,0.0
1109,2022-06-12 16:07:48.663648366,0.15,0.0,0.0,0.0,0.0,0.0
1110,2022-06-12 16:07:48.683869361,0.15,0.0,0.0,0.0,0.0,0.0
1111,2022-06-12 16:07:48.702954769,0.15,0.0,0.0,0.0,0.0,0.0
1112,2022-06-12 16:07:48.724164247,0.15,0.0,0.0,0.0,0.0,0.0
1113,2022-06-12 16:07:48.743140697,0.15,0.0,0.0,0.0,0.0,0.0
1114,2022-06-12 16:07:48.767921209,0.15,0.0,0.0,0.0,0.0,0.0
1115,2022-06-12 16:07:48.787127494,0.15,0.0,0.0,0.0,0.0,0.0
1116,2022-06-12 16:07:48.805177450,0.15,0.0,0.0,0.0,0.0,0.0
1117,2022-06-12 16:07:48.823494672,0.15,0.0,0.0,0.0,0.0,0.0
1118,2022-06-12 16:07:48.845013141,0.15,0.0,0.0,0.0,0.0,0.0
1119,2022-06-12 16:07:48.863914728,0.15,0.0,0.0,0.0,0.0,0.0
1120,2022-06-12 16:07:48.887725353,0.15,0.0,0.0,0.0,0.0,0.0
1121,2022-06-12 16:07:48.905032396,0.15,0.0,0.0,0.0,0.0,0.0
1122,2022-06-12 16:07:48.927371740,0.15,0.0,0.0,0.0,0.0,0.0
1123,2022-06-12 16:07:48.948277950,0.15,0.0,0.0,0.0,0.0,0.0
1124,2022-06-12 16:07:48.966399669,0.15,0.0,0.0,0.0,0.0,0.0
1125,2022-06-12 16:07:48.987081766,0.15,0.0,0.0,0.0,0.0,0.0
1126,2022-06-12 16:07:49.7003307,0.15,0.0,0.0,0.0,0.0,0.0
1127,2022-06-12 16:07:49.25634765,0.15,0.0,0.0,0.0,0.0,0.0
1128,2022-06-12 16:07:49.47262668,0.15,0.0,0.0,0.0,0.0,0.0
1129,2022-06-12 16:07:49.65919160,0.15,0.0,0.0,0.0,0.0,0.0
1130,2022-06-12 16:07:49.85826158,0.15,0.0,0.0,0.0,0.0,0.0
1131,2022-06-12 16:07:49.106084823,0.15,0.0,0.0,0.0,0.0,0.0
1132,2022-06-12 16:07:49.126001834,0.15,0.0,0.0,0.0,0.0,0.0
1133,2022-06-12 16:07:49.146210908,0.15,0.0,0.0,0.0,0.0,0.0
1134,2022-06-12 16:07:49.166444778,0.15,0.0,0.0,0.0,0.0,0.0
1135,2022-06-12 16:07:49.186476707,0.15,0.0,0.0,0.0,0.0,0.0
1136,2022-06-12 16:07:49.207128763,0.15,0.0,0.0,0.0,0.0,0.0
1137,2022-06-12 16:07:49.226627826,0.15,0.0,0.0,0.0,0.0,0.0
1138,2022-06-12 16:07:49.247483253,0.15,0.0,0.0,0.0,0.0,0.0
1139,2022-06-12 16:07:49.270645141,0.15,0.0,0.0,0.0,0.0,0.0
1140,2022-06-12 16:07:49.289811611,0.15,0.0,0.0,0.0,0.0,0.0
1141,2022-06-12 16:07:49.308648347,0.15,0.0,0.0,0.0,0.0,0.0
1142,2022-06-12 16:07:49.331668853,0.15,0.0,0.0,0.0,0.0,0.0
1143,2022-06-12 16:07:49.348946332,0.15,0.0,0.0,0.0,0.0,0.0
1144,2022-06-12 16:07:49.370870351,0.15,0.0,0.0,0.0,0.0,0.0
1145,2022-06-12 16:07:49.391597986,0.15,0.0,0.0,0.0,0.0,0.0
1146,2022-06-12 16:07:49.409670829,0.15,0.0,0.0,0.0,0.0,0.0
1147,2022-06-12 16:07:49.429562091,0.15,0.0,0.0,0.0,0.0,0.0
1148,2022-06-12 16:07:49.450169086,0.15,0.0,0.0,0.0,0.0,0.0
1149,2022-06-12 16:07:49.469609022,0.15,0.0,0.0,0.0,0.0,0.0
1150,2022-06-12 16:07:49.489658117,0.15,0.0,0.0,0.0,0.0,0.0
1151,2022-06-12 16:07:49.511268615,0.15,0.0,0.0,0.0,0.0,0.0
1152,2022-06-12 16:07:49.529878616,0.15,0.0,0.0,0.0,0.0,0.0
1153,2022-06-12 16:07:49.550127267,0.15,0.0,0.0,0.0,0.0,0.0
1154,2022-06-12 16:07:49.570353269,0.15,0.0,0.0,0.0,0.0,0.0
1155,2022-06-12 16:07:49.592938899,0.15,0.0,0.0,0.0,0.0,0.0
1156,2022-06-12 16:07:49.610575914,0.15,0.0,0.0,0.0,0.0,0.0
1157,2022-06-12 16:07:49.630658864,0.15,0.0,0.0,0.0,0.0,0.0
1158,2022-06-12 16:07:49.650822877,0.15,0.0,0.0,0.0,0.0,0.0
1159,2022-06-12 16:07:49.670920372,0.15,0.0,0.0,0.0,0.0,0.0
1160,2022-06-12 16:07:49.701291322,0.15,0.0,0.0,0.0,0.0,0.0
1161,2022-06-12 16:07:49.716117143,0.15,0.0,0.0,0.0,0.0,0.0
1162,2022-06-12 16:07:49.735992908,0.15,0.0,0.0,0.0,0.0,0.0
1163,2022-06-12 16:07:49.757011413,0.15,0.0,0.0,0.0,0.0,0.0
1164,2022-06-12 16:07:49.775407075,0.15,0.0,0.0,0.0,0.0,0.0
1165,2022-06-12 16:07:49.795152902,0.15,0.0,0.0,0.0,0.0,0.0
1166,2022-06-12 16:07:49.817060947,0.15,0.0,0.0,0.0,0.0,0.0
1167,2022-06-12 16:07:49.835417270,0.15,0.0,0.0,0.0,0.0,0.0
1168,2022-06-12 16:07:49.857623338,0.15,0.0,0.0,0.0,0.0,0.0
1169,2022-06-12 16:07:49.875956773,0.15,0.0,0.0,0.0,0.0,0.0
1170,2022-06-12 16:07:49.896855592,0.15,0.0,0.0,0.0,0.0,0.0
1171,2022-06-12 16:07:49.919564485,0.15,0.0,0.0,0.0,0.0,0.0
1172,2022-06-12 16:07:49.938808917,0.15,0.0,0.0,0.0,0.0,0.0
1173,2022-06-12 16:07:49.958611249,0.15,0.0,0.0,0.0,0.0,0.0
1174,2022-06-12 16:07:49.980978250,0.15,0.0,0.0,0.0,0.0,0.0
1175,2022-06-12 16:07:50.963926,0.15,0.0,0.0,0.0,0.0,0.0
1176,2022-06-12 16:07:50.21002292,0.15,0.0,0.0,0.0,0.0,0.0
1177,2022-06-12 16:07:50.39523363,0.15,0.0,0.0,0.0,0.0,0.0
1178,2022-06-12 16:07:50.59767723,0.15,0.0,0.0,0.0,0.0,0.0
1179,2022-06-12 16:07:50.81586599,0.15,0.0,0.0,0.0,0.0,0.0
1180,2022-06-12 16:07:50.101436614,0.15,0.0,0.0,0.0,0.0,0.0
1181,2022-06-12 16:07:50.122410058,0.15,0.0,0.0,0.0,0.0,0.0
1182,2022-06-12 16:07:50.140429735,0.15,0.0,0.0,0.0,0.0,0.0
1183,2022-06-12 16:07:50.162529230,0.15,0.0,0.0,0.0,0.0,0.0
1184,2022-06-12 16:07:50.184622764,0.15,0.0,0.0,0.0,0.0,0.0
1185,2022-06-12 16:07:50.201560020,0.15,0.0,0.0,0.0,0.0,0.0
1186,2022-06-12 16:07:50.222843170,0.15,0.0,0.0,0.0,0.0,0.0
1187,2022-06-12 16:07:50.243440389,0.15,0.0,0.0,0.0,0.0,0.0
1188,2022-06-12 16:07:50.265528917,0.15,0.0,0.0,0.0,0.0,0.0
1189,2022-06-12 16:07:50.281629323,0.15,0.0,0.0,0.0,0.0,0.0
1190,2022-06-12 16:07:50.303735494,0.15,0.0,0.0,0.0,0.0,0.0
1191,2022-06-12 16:07:50.326392889,0.15,0.0,0.0,0.0,0.0,0.0
1192,2022-06-12 16:07:50.349904060,0.15,0.0,0.0,0.0,0.0,0.0
1193,2022-06-12 16:07:50.362841367,0.15,0.0,0.0,0.0,0.0,0.0
1194,2022-06-12 16:07:50.383179664,0.15,0.0,0.0,0.0,0.0,0.0
1195,2022-06-12 16:07:50.403586149,0.15,0.0,0.0,0.0,0.0,0.0
1196,2022-06-12 16:07:50.423556804,0.15,0.0,0.0,0.0,0.0,0.0
1197,2022-06-12 16:07:50.444915771,0.15,0.0,0.0,0.0,0.0,0.0
1198,2022-06-12 16:07:50.464046239,0.15,0.0,0.0,0.0,0.0,0.0
1199,2022-06-12 16:07:50.484701156,0.15,0.0,0.0,0.0,0.0,0.0
1200,2022-06-12 16:07:50.504784107,0.15,0.0,0.0,0.0,0.0,0.0
1201,2022-06-12 16:07:50.524708747,0.15,0.0,0.0,0.0,0.0,0.0
1202,2022-06-12 16:07:50.546463012,0.15,0.0,0.0,0.0,0.0,0.0
1203,2022-06-12 16:07:50.566591978,0.15,0.0,0.0,0.0,0.0,0.0
1204,2022-06-12 16:07:50.588295936,0.15,0.0,0.0,0.0,0.0,0.0
1205,2022-06-12 16:07:50.607023954,0.15,0.0,0.0,0.0,0.0,0.0
1206,2022-06-12 16:07:50.627141952,0.15,0.0,0.0,0.0,0.0,0.0
1207,2022-06-12 16:07:50.654412508,0.15,0.0,0.0,0.0,0.0,0.0
1208,2022-06-12 16:07:50.667103528,0.15,0.0,0.0,0.0,0.0,0.0
1209,2022-06-12 16:07:50.688918352,0.15,0.0,0.0,0.0,0.0,0.0
1210,2022-06-12 16:07:50.707458019,0.15,0.0,0.0,0.0,0.0,0.0
1211,2022-06-12 16:07:50.727402687,0.15,0.0,0.0,0.0,0.0,0.0
1212,2022-06-12 16:07:50.747765064,0.15,0.0,0.0,0.0,0.0,0.0
1213,2022-06-12 16:07:50.768121480,0.15,0.0,0.0,0.0,0.0,0.0
1214,2022-06-12 16:07:50.791871070,0.15,0.0,0.0,0.0,0.0,0.0
1215,2022-06-12 16:07:50.808304071,0.15,0.0,0.0,0.0,0.0,0.0
1216,2022-06-12 16:07:50.828773736,0.15,0.0,0.0,0.0,0.0,0.0
1217,2022-06-12 16:07:50.849796295,0.15,0.0,0.0,0.0,0.0,0.0
1218,2022-06-12 16:07:50.868544101,0.15,0.0,0.0,0.0,0.0,0.0
1219,2022-06-12 16:07:50.889688730,0.15,0.0,0.0,0.0,0.0,0.0
1220,2022-06-12 16:07:50.908830881,0.15,0.0,0.0,0.0,0.0,0.0
1221,2022-06-12 16:07:50.928652048,0.15,0.0,0.0,0.0,0.0,0.0
1222,2022-06-12 16:07:50.948979854,0.15,0.0,0.0,0.0,0.0,0.0
1223,2022-06-12 16:07:50.968909025,0.15,0.0,0.0,0.0,0.0,0.0
1224,2022-06-12 16:07:50.993294239,0.15,0.0,0.0,0.0,0.0,0.0
1225,2022-06-12 16:07:51.10040044,0.15,0.0,0.0,0.0,0.0,0.0
1226,2022-06-12 16:07:51.29278993,0.15,0.0,0.0,0.0,0.0,0.0
1227,2022-06-12 16:07:51.49546480,0.15,0.0,0.0,0.0,0.0,0.0
1228,2022-06-12 16:07:51.72957515,0.15,0.0,0.0,0.0,0.0,0.0
1229,2022-06-12 16:07:51.91322660,0.15,0.0,0.0,0.0,0.0,0.0
1230,2022-06-12 16:07:51.110997676,0.15,0.0,0.0,0.0,0.0,0.0
1231,2022-06-12 16:07:51.130766630,0.15,0.0,0.0,0.0,0.0,0.0
1232,2022-06-12 16:07:51.150763511,0.15,0.0,0.0,0.0,0.0,0.0
1233,2022-06-12 16:07:51.170818805,0.15,0.0,0.0,0.0,0.0,0.0
1234,2022-06-12 16:07:51.192715406,0.15,0.0,0.0,0.0,0.0,0.0
1235,2022-06-12 16:07:51.210999965,0.15,0.0,0.0,0.0,0.0,0.0
1236,2022-06-12 16:07:51.231125354,0.15,0.0,0.0,0.0,0.0,0.0
1237,2022-06-12 16:07:51.251210212,0.15,0.0,0.0,0.0,0.0,0.0
1238,2022-06-12 16:07:51.271252393,0.15,0.0,0.0,0.0,0.0,0.0
1239,2022-06-12 16:07:51.293045759,0.15,0.0,0.0,0.0,0.0,0.0
1240,2022-06-12 16:07:51.311513662,0.15,0.0,0.0,0.0,0.0,0.0
1241,2022-06-12 16:07:51.331908702,0.15,0.0,0.0,0.0,0.0,0.0
1242,2022-06-12 16:07:51.351966619,0.15,0.0,0.0,0.0,0.0,0.0
1243,2022-06-12 16:07:51.372014522,0.15,0.0,0.0,0.0,0.0,0.0
1244,2022-06-12 16:07:51.393592596,0.15,0.0,0.0,0.0,0.0,0.0
1245,2022-06-12 16:07:51.413151979,0.15,0.0,0.0,0.0,0.0,0.0
1246,2022-06-12 16:07:51.433061838,0.15,0.0,0.0,0.0,0.0,0.0
1247,2022-06-12 16:07:51.453737020,0.15,0.0,0.0,0.0,0.0,0.0
1248,2022-06-12 16:07:51.473834276,0.15,0.0,0.0,0.0,0.0,0.0
1249,2022-06-12 16:07:51.494101762,0.15,0.0,0.0,0.0,0.0,0.0
1250,2022-06-12 16:07:51.514328718,0.15,0.0,0.0,0.0,0.0,0.0
1251,2022-06-12 16:07:51.535858869,0.15,0.0,0.0,0.0,0.0,0.0
1252,2022-06-12 16:07:51.554375886,0.15,0.0,0.0,0.0,0.0,0.0
1253,2022-06-12 16:07:51.574592351,0.15,0.0,0.0,0.0,0.0,0.0
1254,2022-06-12 16:07:51.594597816,0.15,0.0,0.0,0.0,0.0,0.0
1255,2022-06-12 16:07:51.614736318,0.15,0.0,0.0,0.0,0.0,0.0
1256,2022-06-12 16:07:51.636654376,0.15,0.0,0.0,0.0,0.0,0.0
1257,2022-06-12 16:07:51.655101299,0.15,0.0,0.0,0.0,0.0,0.0
1258,2022-06-12 16:07:51.675402164,0.15,0.0,0.0,0.0,0.0,0.0
1259,2022-06-12 16:07:51.697159051,0.15,0.0,0.0,0.0,0.0,0.0
1260,2022-06-12 16:07:51.715496540,0.15,0.0,0.0,0.0,0.0,0.0
1261,2022-06-12 16:07:51.735680103,0.15,0.0,0.0,0.0,0.0,0.0
1262,2022-06-12 16:07:51.755999088,0.15,0.0,0.0,0.0,0.0,0.0
1263,2022-06-12 16:07:51.775905847,0.15,0.0,0.0,0.0,0.0,0.0
1264,2022-06-12 16:07:51.797865390,0.15,0.0,0.0,0.0,0.0,0.0
1265,2022-06-12 16:07:51.816373825,0.15,0.0,0.0,0.0,0.0,0.0
1266,2022-06-12 16:07:51.837749481,0.15,0.0,0.0,0.0,0.0,0.0
1267,2022-06-12 16:07:51.856364011,0.15,0.0,0.0,0.0,0.0,0.0
1268,2022-06-12 16:07:51.876612901,0.15,0.0,0.0,0.0,0.0,0.0
1269,2022-06-12 16:07:51.897092819,0.15,0.0,0.0,0.0,0.0,0.0
1270,2022-06-12 16:07:51.916962385,0.15,0.0,0.0,0.0,0.0,0.0
1271,2022-06-12 16:07:51.938518047,0.15,0.0,0.0,0.0,0.0,0.0
1272,2022-06-12 16:07:51.956934452,0.15,0.0,0.0,0.0,0.0,0.0
1273,2022-06-12 16:07:51.977367401,0.15,0.0,0.0,0.0,0.0,0.0
1274,2022-06-12 16:07:51.997413158,0.15,0.0,0.0,0.0,0.0,0.0
1275,2022-06-12 16:07:52.19041061,0.15,0.0,0.0,0.0,0.0,0.0
1276,2022-06-12 16:07:52.39352178,0.15,0.0,0.0,0.0,0.0,0.0
1277,2022-06-12 16:07:52.57749032,0.15,0.0,0.0,0.0,0.0,0.0
1278,2022-06-12 16:07:52.77869415,0.15,0.0,0.0,0.0,0.0,0.0
1279,2022-06-12 16:07:52.97949266,0.15,0.0,0.0,0.0,0.0,0.0
1280,2022-06-12 16:07:52.118038892,0.15,0.0,0.0,0.0,0.0,0.0
1281,2022-06-12 16:07:52.140110254,0.15,0.0,0.0,0.0,0.0,0.0
1282,2022-06-12 16:07:52.158482313,0.15,0.0,0.0,0.0,0.0,0.0
1283,2022-06-12 16:07:52.178345918,0.15,0.0,0.0,0.0,0.0,0.0
1284,2022-06-12 16:07:52.200145721,0.15,0.0,0.0,0.0,0.0,0.0
1285,2022-06-12 16:07:52.218560934,0.15,0.0,0.0,0.0,0.0,0.0
1286,2022-06-12 16:07:52.240772724,0.15,0.0,0.0,0.0,0.0,0.0
1287,2022-06-12 16:07:52.259016275,0.15,0.0,0.0,0.0,0.0,0.0
1288,2022-06-12 16:07:52.279132843,0.15,0.0,0.0,0.0,0.0,0.0
1289,2022-06-12 16:07:52.299266338,0.15,0.0,0.0,0.0,0.0,0.0
1290,2022-06-12 16:07:52.319371223,0.15,0.0,0.0,0.0,0.0,0.0
1291,2022-06-12 16:07:52.340914964,0.15,0.0,0.0,0.0,0.0,0.0
1292,2022-06-12 16:07:52.359627008,0.15,0.0,0.0,0.0,0.0,0.0
1293,2022-06-12 16:07:52.379633426,0.15,0.0,0.0,0.0,0.0,0.0
1294,2022-06-12 16:07:52.392204046,0.0,0.0,0.0,0.0,0.0,0.0
