S.no,X,Y,Z_theta
1,0.37111355224594567,0.4522832543624618,-0.15250598122771794
2,0.37111355224594567,0.4522832543624618,-0.15250598122771794
3,0.37111355224594567,0.4522832543624618,-0.15250598122771794
4,0.37111355224594567,0.4522832543624618,-0.15250598122771794
5,0.37111355224594567,0.4522832543624618,-0.15250598122771794
6,0.37111355224594567,0.4522832543624618,-0.15250598122771794
7,0.37111355224594567,0.4522832543624618,-0.15250598122771794
8,0.37111355224594567,0.4522832543624618,-0.15250598122771794
9,0.37111355224594567,0.4522832543624618,-0.15250598122771794
10,0.37111355224594567,0.4522832543624618,-0.15250598122771794
11,0.37111355224594567,0.4522832543624618,-0.15250598122771794
12,0.37111355224594567,0.4522832543624618,-0.15250598122771794
13,0.37111355224594567,0.4522832543624618,-0.15250598122771794
14,0.37111355224594567,0.4522832543624618,-0.15250598122771794
15,0.37111355224594567,0.4522832543624618,-0.15250598122771794
16,0.37111355224594567,0.4522832543624618,-0.15250598122771794
17,0.37111355224594567,0.4522832543624618,-0.15250598122771794
18,0.37111355224594567,0.4522832543624618,-0.15250598122771794
19,0.37111355224594567,0.4522832543624618,-0.15250598122771794
20,0.37111355224594567,0.4522832543624618,-0.15250598122771794
21,0.37111355224594567,0.4522832543624618,-0.15250598122771794
22,0.37111355224594567,0.4522832543624618,-0.15250598122771794
23,0.37111355224594567,0.4522832543624618,-0.15250598122771794
24,0.37111355224594567,0.4522832543624618,-0.15250598122771794
25,0.37111355224594567,0.4522832543624618,-0.15250598122771794
26,0.37111355224594567,0.4522832543624618,-0.15250598122771794
27,0.37111355224594567,0.4522832543624618,-0.15250598122771794
28,0.37111355224594567,0.4522832543624618,-0.15250598122771794
29,0.37111355224594567,0.4522832543624618,-0.15250598122771794
30,0.37111355224594567,0.4522832543624618,-0.15250598122771794
31,0.37111355224594567,0.4522832543624618,-0.15250598122771794
32,0.37111355224594567,0.4522832543624618,-0.15250598122771794
33,0.37111355224594567,0.4522832543624618,-0.15250598122771794
34,0.37111355224594567,0.4522832543624618,-0.15250598122771794
35,0.37111355224594567,0.4522832543624618,-0.15250598122771794
36,0.37111355224594567,0.4522832543624618,-0.15250598122771794
37,0.37111355224594567,0.4522832543624618,-0.15250598122771794
38,0.37111355224594567,0.4522832543624618,-0.15250598122771794
39,0.37111355224594567,0.4522832543624618,-0.15250598122771794
40,0.37111355224594567,0.4522832543624618,-0.15250598122771794
41,0.37111355224594567,0.4522832543624618,-0.15250598122771794
42,0.37111355224594567,0.4522832543624618,-0.15250598122771794
43,0.37111355224594567,0.4522832543624618,-0.15250598122771794
44,0.37111355224594567,0.4522832543624618,-0.15250598122771794
45,0.37111355224594567,0.4522832543624618,-0.15250598122771794
46,0.37111355224594567,0.4522832543624618,-0.15250598122771794
47,0.37111355224594567,0.4522832543624618,-0.15250598122771794
48,0.37111355224594567,0.4522832543624618,-0.15250598122771794
49,0.37111355224594567,0.4522832543624618,-0.15250598122771794
50,0.37111355224594567,0.4522832543624618,-0.15250598122771794
51,0.37111355224594567,0.4522832543624618,-0.15250598122771794
52,0.37111355224594567,0.4522832543624618,-0.15250598122771794
53,0.37111355224594567,0.4522832543624618,-0.15250598122771794
54,0.37111355224594567,0.4522832543624618,-0.15250598122771794
55,0.37111355224594567,0.4522832543624618,-0.15250598122771794
56,0.37111355224594567,0.4522832543624618,-0.15250598122771794
57,0.37111355224594567,0.4522832543624618,-0.15250598122771794
58,0.37111355224594567,0.4522832543624618,-0.15250598122771794
59,0.37111355224594567,0.4522832543624618,-0.15250598122771794
60,0.37111355224594567,0.4522832543624618,-0.15250598122771794
61,0.37111355224594567,0.4522832543624618,-0.15250598122771794
62,0.37111355224594567,0.4522832543624618,-0.15250598122771794
63,0.37111355224594567,0.4522832543624618,-0.15250598122771794
64,0.37111355224594567,0.4522832543624618,-0.15250598122771794
65,0.37111355224594567,0.4522832543624618,-0.15250598122771794
66,0.37111355224594567,0.4522832543624618,-0.15250598122771794
67,0.37111355224594567,0.4522832543624618,-0.15250598122771794
68,0.37111355224594567,0.4522832543624618,-0.15250598122771794
69,0.37111355224594567,0.4522832543624618,-0.15250598122771794
70,0.37111355224594567,0.4522832543624618,-0.15250598122771794
71,0.37111355224594567,0.4522832543624618,-0.15250598122771794
72,0.37111355224594567,0.4522832543624618,-0.15250598122771794
73,0.37111355224594567,0.4522832543624618,-0.15250598122771794
74,0.37111355224594567,0.4522832543624618,-0.15250598122771794
75,0.37111355224594567,0.4522832543624618,-0.15250598122771794
76,0.37111355224594567,0.4522832543624618,-0.15250598122771794
77,0.37111355224594567,0.4522832543624618,-0.15250598122771794
78,0.37111355224594567,0.4522832543624618,-0.15250598122771794
79,0.37111355224594567,0.4522832543624618,-0.15250598122771794
80,0.37111355224594567,0.4522832543624618,-0.15250598122771794
81,0.37111355224594567,0.4522832543624618,-0.15250598122771794
82,0.3711487971910188,0.4522917462406637,-0.15251941257069648
83,0.37122452348523505,0.4523278298417561,-0.15254723480937515
84,0.3713547942893361,0.4523896451990983,-0.15259232651394344
85,0.37150510386806246,0.4524642373521259,-0.15263645940773313
86,0.3716380830465125,0.45253039828517816,-0.15269786266137403
87,0.37174885218653086,0.45258040800146143,-0.1527938074980396
88,0.3718441392804014,0.452621708169249,-0.15287440328516147
89,0.37190642917246786,0.4526500152790232,-0.15291470190643425
90,0.3719503678584464,0.45265475430506685,-0.1529252563874375
91,0.37201664124437606,0.45265813094233504,-0.15293005388980674
92,0.3720772858933292,0.45265438045622325,-0.15294732495529859
93,0.37212747821974657,0.4526425356327833,-0.1529569200302076
94,0.3721706497027351,0.45264311445814503,-0.1529607580678746
95,0.3722242877986034,0.4526556580206455,-0.15298186735377003
96,0.3722780633512111,0.45265483891840896,-0.15301736963503665
97,0.37233185155265935,0.4526563907754265,-0.15305383182975002
98,0.37242922522697924,0.4526748904569104,-0.1530902944221174
99,0.3726380185406208,0.45269889792138424,-0.15308933487511536
100,0.3729477076289179,0.4527515641282079,-0.15306822491080616
101,0.3732922020547562,0.4527318201295358,-0.1531162022952406
102,0.3737122650910738,0.4526344336094758,-0.15324190630926401
103,0.3742456971049594,0.45251237691807566,-0.15337145356473492
104,0.3749672370293318,0.4523828670471303,-0.1535163605285164
105,0.37538920549001303,0.4522976356599567,-0.15360657069328804
106,0.3762630298794468,0.45213491204871475,-0.15380331410090564
107,0.37702598704181406,0.45199945503661626,-0.1539760740004999
108,0.37837993992241314,0.4517490113313627,-0.15429474359843226
109,0.3794068820994548,0.45155007800427,-0.15454144559873684
110,0.38048242958127804,0.45135795632945575,-0.15477568551236984
111,0.38166497819786105,0.4511509830147886,-0.1550425856321369
112,0.38285212360508697,0.4509073706236059,-0.155308547135577
113,0.38409385270965013,0.4506752161037686,-0.15557837116142162
114,0.3852821633506663,0.4504405602270027,-0.15585109834667518
115,0.38662481806388277,0.45015246265925757,-0.15612865030497303
116,0.38798276966262224,0.4498774846725264,-0.1564100677872314
117,0.3892532094367179,0.4495944811468186,-0.1566722976487307
118,0.3909236917913192,0.4492274772720674,-0.15701716673969307
119,0.39247151896862875,0.4489200173331491,-0.15733901339428313
120,0.39392785333736485,0.44856193739046235,-0.15767722684107713
121,0.3954546618455445,0.4481472414880321,-0.1580808230418324
122,0.39698159477596207,0.4477276736076931,-0.1584421803613653
123,0.3984379427623111,0.44739830342908216,-0.15875743992414926
124,0.39995820961740824,0.44706873942366987,-0.15899294352068785
125,0.40148313181281514,0.446683265263818,-0.15923903912694398
126,0.4028721285958767,0.44628981552833547,-0.15935920983079482
127,0.4043632631200614,0.44590624328758227,-0.15945054256763175
128,0.40581434509129405,0.4455154703883805,-0.1595591838329126
129,0.40724808330169454,0.4451034794000884,-0.15961879387514089
130,0.40852265794292153,0.4447042170983214,-0.15963417729139648
131,0.409813687421945,0.44429831854447527,-0.15965340666532768
132,0.4111537148412656,0.4439080471128837,-0.15971013398929154
133,0.41242157373228083,0.44355080033315725,-0.15980532276816217
134,0.4136170726478309,0.4432370081757987,-0.159943784215335
135,0.41502260734578406,0.4428570871183871,-0.16010148370291447
136,0.4163004206520712,0.44251790565872695,-0.1602322647766134
137,0.41765826136185247,0.4421671175696857,-0.1603418942055241
138,0.41904047456865656,0.44181602344354065,-0.16046402966098824
139,0.4204212476427478,0.4414380769429088,-0.16054192951491916
140,0.4218729843367513,0.44101444369550696,-0.16061406070297685
141,0.4233354691652018,0.44055968564950104,-0.16067272860406773
142,0.42486461159253114,0.44006237011368327,-0.16074486274720273
143,0.4263033690077326,0.4396191254143753,-0.16082373127652033
144,0.42786244334252443,0.43911814229426704,-0.1608670136152789
145,0.4292997393180213,0.43867773560534384,-0.16095935123515606
146,0.43070299696690567,0.4382358210127185,-0.16104111073593166
147,0.43212483937231566,0.43779980505697624,-0.16116615873795218
148,0.43347369147560955,0.4373936090067299,-0.16124599964713002
149,0.43477680104106564,0.4369935905150059,-0.16137490365741383
150,0.4360854189447916,0.4365751209446875,-0.16153748407931867
151,0.43742406885894375,0.4361112938203344,-0.16174048078668637
152,0.4388177945739924,0.43566746252882577,-0.16193867967819797
153,0.4401501367940818,0.4351862904929971,-0.16212630655655688
154,0.44145866829742125,0.43472023997294895,-0.16230528409765918
155,0.442736141047527,0.43433893051915934,-0.16245059052014246
156,0.4440277871804127,0.4340052740236448,-0.16257376941033758
157,0.44527228914311245,0.4336505577970678,-0.16271138901145216
158,0.4464309870739011,0.4332987933139797,-0.16280666763704382
159,0.4476388881696264,0.4329457213054821,-0.16285863901009578
160,0.44882645746811056,0.4326036203304021,-0.1629240856620154
161,0.4500869347948023,0.43226797781902915,-0.16300012097970643
162,0.4512494460969186,0.4319406430548169,-0.16309733336390758
163,0.452325939717049,0.43160416691720327,-0.1631695227206365
164,0.45349357053514205,0.4312518368140608,-0.16320994948395282
165,0.4546117445325985,0.43092528997434015,-0.16327636600898798
166,0.45577595920153996,0.43060236089255477,-0.1633591479899865
167,0.4568926175898278,0.43028030738641815,-0.16345637147323813
168,0.45795452028157013,0.4299862034075607,-0.1635507100072567
169,0.45910992865112393,0.429711791474196,-0.16368355887325134
170,0.46013599148403916,0.4294732338703664,-0.16381159969948111
171,0.4612905103790231,0.4291496152580965,-0.16383951907038266
172,0.4624053094679636,0.42877781951550653,-0.16392135314243
173,0.46347190112050196,0.42846922604668286,-0.16398682193945377
174,0.4645178223969346,0.42818088174976265,-0.16407251110992718
175,0.4655479145184735,0.4279102432678654,-0.16416879387608427
176,0.46656431465270415,0.42763808572543077,-0.16429300302269736
177,0.4676247284840505,0.42734117801314275,-0.16441336543199078
178,0.4686360604581009,0.4270522920048515,-0.1645019551283565
179,0.4696791685253411,0.4267579431606521,-0.16458284356851366
180,0.4707799327755431,0.4264437352765699,-0.16459439923111954
181,0.471878522952326,0.426115451672773,-0.16459632517904885
182,0.4730468763632677,0.4257085507471839,-0.16463869633428466
183,0.4741631412611301,0.42531653413113785,-0.1646521781861899
184,0.47529944141872005,0.42492405827374624,-0.16466758608829868
185,0.4764313746383487,0.4245317294091858,-0.1646435112747044
186,0.4775328975608936,0.4241557749993363,-0.1646261775239761
187,0.47860369083769294,0.42380472256027596,-0.16455588052218534
188,0.47960655844339845,0.42343591536125347,-0.16446921516515992
189,0.4806329761556182,0.4230704699777424,-0.16436907152615327
190,0.4816899087002769,0.42267149887909916,-0.16421501065654642
191,0.48274560604345085,0.4222279113483694,-0.16400318935258812
192,0.4837692855512638,0.42174981887634583,-0.16368644695455412
193,0.48485280416176263,0.4212649567298607,-0.16336299836775023
194,0.4859112267681853,0.42078896834135243,-0.16299242111716786
195,0.48714671134695753,0.4202546035182161,-0.16255067300241066
196,0.4883160418512936,0.4197533831282244,-0.16208012044730097
197,0.48951428936797514,0.4192439556134464,-0.1615836622844694
198,0.4906291931100287,0.418768045437616,-0.16109401506054147
199,0.49165994314985817,0.4183451965673222,-0.16067465216005855
200,0.49298481287652757,0.417809388876162,-0.1601370633190413
201,0.4940572445653883,0.4173376241796397,-0.15966494434495315
202,0.49508631468315584,0.4168577921593513,-0.1591525189976329
203,0.4961009601480269,0.4163732477074481,-0.1585603990939141
204,0.4971273248551554,0.4159211465794854,-0.15790688614455006
205,0.4980786993088662,0.4155039948941133,-0.15715262668294666
206,0.49902799279922455,0.41504490105955005,-0.15627175719980624
207,0.4999792657756552,0.4145561442838736,-0.1552912637871923
208,0.500889043597956,0.4141331825646179,-0.15427554576886837
209,0.5016954750593724,0.4137478304330625,-0.1533618572993023
210,0.5028547156084353,0.4132215844752247,-0.15234480930490077
211,0.5036980092614923,0.41285810823658514,-0.15195438318541188
212,0.5052030094025058,0.4122551947870639,-0.1519716492304592
213,0.5064796402633387,0.41184050565842817,-0.1521222512685588
214,0.5078586779136589,0.4114650130053445,-0.15220283092445835
215,0.5092736280459446,0.4111221810239508,-0.15222393543924087
216,0.5108129364731613,0.4107246337902747,-0.15225655176822653
217,0.51245816262658,0.4102647323403137,-0.15228724977885164
218,0.5142912358198818,0.4097847163509988,-0.15227477867820588
219,0.5161515360795483,0.40927468858138344,-0.15219419729751477
220,0.5179777842152532,0.4086801019260172,-0.15215294805261073
221,0.5198884797080916,0.4080901813149867,-0.1521711744007374
222,0.5216722475219567,0.40754505497799143,-0.15216062229241153
223,0.5236707711271185,0.4069309372749126,-0.15216158157361862
224,0.5255522765235241,0.40635211895011625,-0.1521577444504343
225,0.5275519799585241,0.4057176053478553,-0.1521567851703229
226,0.5295610018596549,0.4050943116543587,-0.15211265858100825
227,0.5315146887032571,0.40451156745302086,-0.1521088215136519
228,0.5334915195213655,0.4039044820226295,-0.15208196216471012
229,0.5355181005802891,0.40329507732937697,-0.1520176924502706
230,0.5376181725507886,0.40267357944934545,-0.1519793230566868
231,0.5397741690828834,0.4019986062021546,-0.15192752506912804
232,0.5418194984956874,0.401327506720339,-0.15195917930015282
233,0.5439563225405648,0.40060745327962877,-0.1519850784378356
234,0.5459911933064512,0.3999997075753823,-0.15203495882010665
235,0.548110699741546,0.39938173127097876,-0.15202152941368707
236,0.5501080288866516,0.39885524649491083,-0.15204455128607977
237,0.5521044392018438,0.39829528541958525,-0.15204838828012712
238,0.5539786247342863,0.39767731673660367,-0.1519898745963127
239,0.5559913300740469,0.397082030932083,-0.15191889214867946
240,0.557925457602961,0.39652239562174174,-0.15182201311459512
241,0.5600769575244159,0.395848856133834,-0.15173281013076706
242,0.5621337009277144,0.3952093750327924,-0.15170595378079216
243,0.5639685160639772,0.39463639648199406,-0.15167622021427066
244,0.5658680657449311,0.3940427524156365,-0.15164744604466182
245,0.5676779374763744,0.3935004073170817,-0.1516522417225478
246,0.5694443139317702,0.39294087790834675,-0.15164648690990323
247,0.5711780216706633,0.392382453569181,-0.15160428525048805
248,0.5728323458494101,0.39188090418657934,-0.15160908086701458
249,0.5745051989552952,0.39136193182373924,-0.15158318461873785
250,0.5760835187422787,0.39086943796124246,-0.15158702108742309
251,0.5775860954976194,0.3903963508003638,-0.1515687979000186
252,0.5791098978692657,0.38994063430757536,-0.1515812663860323
253,0.5806105000371222,0.38945135912265477,-0.15156304322970202
254,0.5821469293995084,0.38898803621751243,-0.15154865659684785
255,0.583604033349202,0.3885227799185422,-0.15154577927763493
256,0.5851384267627263,0.3880472155195723,-0.15157934815441362
257,0.5866795233406291,0.3875679050517002,-0.15159373491811642
258,0.5883265786182839,0.3870532917483574,-0.1516071626195836
259,0.5899048854849518,0.38655482496960186,-0.15160428525048536
260,0.5916539021357328,0.38598545598102824,-0.15163497731406678
261,0.5935883132445845,0.38537478172675904,-0.15167909764473225
262,0.5951302364952872,0.38492697021755967,-0.1516743019286575
263,0.5968976403740125,0.3844284944682494,-0.1516532008589438
264,0.5986864803636194,0.38393552231884576,-0.15163018166072187
265,0.6002324534519314,0.38350758266636836,-0.15163881384165015
266,0.6022226267577192,0.3829213077857282,-0.151650323450575
267,0.6040907561404396,0.3823685661548293,-0.15162730427199306
268,0.6061142250200787,0.38174575233172214,-0.15156879790001765
269,0.6079826480789527,0.38117931701098634,-0.15152467901169545
270,0.6099801501829726,0.38055892494760624,-0.15156208411893754
271,0.6120243871322125,0.3799230097906749,-0.15154098375106526
272,0.6139710925152081,0.37930573046400123,-0.1514978243185296
273,0.6160849934135695,0.37867280458449787,-0.151455624517966
274,0.6180576990426645,0.3780137518164795,-0.15146425625244875
275,0.6201370567080052,0.3773277793624747,-0.15142589315694993
276,0.6221931692010092,0.3767170547952024,-0.15133765969066673
277,0.6242415665940246,0.376024735922142,-0.15134149588042156
278,0.6262594168458113,0.37539338570781505,-0.15135875878820845
279,0.6274691519771302,0.3750151094051842,-0.1512973799611264
280,0.630286891979712,0.37415062396544685,-0.15128395349127943
281,0.6318410035719814,0.37366466697778156,-0.15123504323058465
282,0.6343923333652114,0.3728841594096239,-0.1512264120815471
283,0.6365652203967896,0.37221349385525937,-0.1512216170082648
284,0.6386698410084174,0.3715674977566489,-0.15118421566998483
285,0.640683397938738,0.370913391303571,-0.15119764174383554
286,0.6427335208168116,0.37028665881105693,-0.15118901069024376
287,0.6447735759311448,0.36969900038389036,-0.1511707896494207
288,0.6467908455153122,0.3690982156007225,-0.15113818382129285
289,0.6489098451216128,0.36847184068009775,-0.1511103732161695
290,0.6509034815856491,0.36787281203581096,-0.15102406589656647
291,0.6529945808891368,0.3672636792747824,-0.15098283095383688
292,0.6550925975570526,0.3666140222906855,-0.1508696771778439
293,0.6571472266122766,0.3659570013603373,-0.15087351283719333
294,0.6591564262256022,0.36531567225655026,-0.15087926633436063
295,0.6612948825936172,0.3646608404440252,-0.15089077335799392
296,0.6632954016549479,0.36405459400970025,-0.15087255392194907
297,0.6654331182411457,0.36339599345343065,-0.15082364960414496
298,0.6675114847529567,0.362755238273039,-0.15079488268789504
299,0.6695947520982953,0.3621043085004414,-0.1507804993212803
300,0.6716497129090946,0.3614455254041824,-0.1507488561294439
301,0.6736866950251597,0.3608321490654442,-0.15075556829698614
302,0.6757808903794305,0.3601790233638402,-0.1507248842109304
303,0.6778819623775604,0.3595588282264363,-0.15070091246180212
304,0.679947029386885,0.3589138589046527,-0.15067598202235333
305,0.6820028460831751,0.3582464786430942,-0.15067789974196036
306,0.6840727330001594,0.3576121841226807,-0.15068940608237394
307,0.686202620154672,0.35689621998989224,-0.15071433662044645
308,0.6882053639581759,0.35622386956912694,-0.15074789724945153
309,0.6903578111189339,0.3555650798223557,-0.15078529377004163
310,0.6923675021398447,0.3549151229420096,-0.150756527179146
311,0.6944041012018133,0.35431108736193495,-0.15071625436173522
312,0.6963782935355664,0.35371761439860105,-0.15064146325468106
313,0.6984787087332165,0.35312656383013147,-0.15063091592346337
314,0.7005321451746989,0.3525026019346086,-0.15060982135934825
315,0.7024905333835958,0.35193973654568006,-0.15053599141692897
316,0.7046266406597363,0.3513427905922422,-0.15044873991742316
317,0.7066713346269561,0.3507160592402081,-0.15042572890626954
318,0.7086165236889818,0.3501135498006296,-0.15044586353250883
319,0.7106231863183105,0.34950501811342866,-0.15045641028909604
320,0.7126754030739041,0.3488878380811537,-0.15046791587906655
321,0.714590840541886,0.34830837911367485,-0.1504343580171982
322,0.7166397040632909,0.3476720919805246,-0.15043148164445422
323,0.7186269411574292,0.3470732722944472,-0.1504305228540814
324,0.7207220647688035,0.3464408948722581,-0.150376831024762
325,0.7227377930399006,0.34581144917330014,-0.15041518224488593
326,0.7247240980866482,0.34519579728688504,-0.15041901739069427
327,0.7266986915330307,0.34459658288237566,-0.1503729959265414
328,0.7287461744953255,0.34396924520540645,-0.150358614346744
329,0.7307777239439095,0.34335517245562475,-0.1504008004866378
330,0.7329005820365511,0.3426777894551728,-0.15037683102475924
331,0.7349896270416302,0.34199149103374815,-0.1503969653613826
332,0.7370125961767067,0.34135064316278574,-0.15042668769529008
333,0.7390980008971014,0.3407215072368796,-0.15036628451506817
334,0.7412157626963596,0.34012247754293434,-0.15031642873018872
335,0.7431074637153181,0.33960921533237104,-0.15029533611811272
336,0.7450891907923055,0.3390656115067831,-0.15025890373254944
337,0.7470814359228322,0.3385042608289869,-0.15023014159843381
338,0.7491656574207329,0.33786753631019334,-0.15013522828017464
339,0.7512259882370331,0.3372153897893421,-0.15010454979360546
340,0.7532376836488681,0.33657226246800903,-0.15010359109535257
341,0.7553852140827738,0.3359186906203699,-0.15006332601238903
342,0.7574603764483925,0.3352765635038569,-0.15006811944968976
343,0.7595718215473667,0.3346338141082917,-0.1500709955153082
344,0.7617971869592514,0.33398511018418237,-0.15005469784223965
345,0.76401500411539,0.3333066424119307,-0.1500470283760057
346,0.766251725951056,0.3326233344816654,-0.15009975630503922
347,0.7685602802686762,0.3319737272424336,-0.1501170128954428
348,0.770842067048452,0.33127262636464505,-0.1501237238153246
349,0.7732224465648191,0.33056207713939134,-0.150114136790972
350,0.7756212515176684,0.3298160866492019,-0.15008441718696441
351,0.778056890653888,0.3291012266203557,-0.15006811944968884
352,0.7806366999928466,0.3283271222965378,-0.15006428469930927
353,0.7826757123448026,0.3276745013879092,-0.15003744156749152
354,0.7859757158268927,0.32661292464750674,-0.15009208673736893
355,0.7884623223990301,0.32582439545181713,-0.15008633457294893
356,0.7912244374163585,0.3250300258225934,-0.1500815411100175
357,0.7938522082625565,0.32428099558729107,-0.15003073081758123
358,0.7964964007939583,0.32355798003469116,-0.14994349227110612
359,0.7993561903619659,0.3226905883263286,-0.14984475243339265
360,0.8021590178351085,0.3218083102672611,-0.14982366274139847
361,0.8049893878554212,0.32093840661960044,-0.14980353179336442
362,0.8077616281186434,0.32008382494583126,-0.1497594358459362
363,0.8107140946688742,0.3191620797427178,-0.14974505685580894
364,0.8136101346318101,0.3183235640213361,-0.14974313966170266
365,0.8162982119616142,0.31748819928548316,-0.14978723539859967
366,0.8193186941082166,0.3165595301926946,-0.1497575186437545
367,0.8221775652959915,0.3156927260207563,-0.1497172576466234
368,0.8251479318079658,0.3148663472916613,-0.14969041724561627
369,0.8279884865946686,0.3140192046489262,-0.1496587841866647
370,0.8309106774523363,0.31308431656109936,-0.14964248848274814
371,0.8338552629022152,0.3121620092600353,-0.14969904449436014
372,0.8368521237479826,0.3112427397321291,-0.14974984984578885
373,0.8397307678062665,0.3104459730862595,-0.1497651874589448
374,0.8426748752898672,0.30963851899271316,-0.14972492637137916
375,0.8455990486187662,0.3087899465933946,-0.14965303275287825
376,0.8484995419110786,0.3078204047680378,-0.14967507996832322
377,0.8515785605387115,0.306827479872133,-0.1496089387488599
378,0.8546122963240995,0.30590093151332803,-0.14958497485491065
379,0.8575249068221354,0.3049813589783825,-0.14956484531385966
380,0.8605515943414498,0.30407234818521833,-0.14949870622788913
381,0.8635741337401198,0.30316025659679724,-0.1495197939134552
382,0.8664011976001658,0.30228345937868806,-0.14949199653703246
383,0.8693569481053307,0.3013968152769934,-0.1495082915233864
384,0.872374427273711,0.3004738230749798,-0.1494872039087657
385,0.8752592440358701,0.29956699411148446,-0.1495044574019658
386,0.8782473520154053,0.2986290947711576,-0.14953992318919382
387,0.8811541306142325,0.2977374235503752,-0.14958785051331214
388,0.8842052945952041,0.29678564326776263,-0.14955142568568888
389,0.8871261015137023,0.2958913362744827,-0.1495820991989317
390,0.890125135083869,0.2950460907627355,-0.1495916847282756
391,0.8929975250881572,0.2941756324791058,-0.1495245865874043
392,0.8960723065558542,0.293264413515524,-0.14942873438470333
393,0.8989691622009438,0.2923418037681968,-0.14945269718351728
394,0.9019511057290005,0.2913846941955669,-0.1494076472606006
395,0.9050380696370259,0.29041057408976384,-0.14934630363851348
396,0.9080667552454449,0.2894515839794703,-0.14931467376301136
397,0.9109212959748528,0.28860009356982996,-0.1492820857120928
398,0.9138162262108411,0.28772070847865333,-0.149262916415268
399,0.9168625593694211,0.28677778097867285,-0.149255248726581
400,0.9196900472210248,0.28593088729425736,-0.14919007406582036
401,0.922673270302945,0.2850272661126794,-0.14914886131731891
402,0.9255873592379329,0.2841178806166568,-0.1491622793670628
403,0.9286156436622999,0.2832231623695769,-0.14915557033562288
404,0.9315104049560691,0.28233900902664566,-0.14912298379832004
405,0.9343890932109111,0.281477991076824,-0.14915652876787983
406,0.9372547319038577,0.28061426337964257,-0.1491651546702701
407,0.9402670035387096,0.27969560993139353,-0.149100940139942
408,0.9432173279379146,0.27880039282949637,-0.1491009401399429
409,0.9461135625078643,0.2779055929748093,-0.14907027093800143
410,0.9491650402112715,0.2769960374087218,-0.14905397803605436
411,0.9520786655931093,0.2760733371175292,-0.1490233092541593
412,0.9550319764025957,0.2751609770184611,-0.14900414140474358
413,0.9579780829881547,0.27428510963272734,-0.1490328932190371
414,0.9608224973837106,0.2734216594536615,-0.14897059792598996
415,0.9636434786767896,0.27258829014608243,-0.14896388926959664
416,0.9666112219050772,0.27166393745719264,-0.14889009491488095
417,0.9694672158646261,0.27081060784409106,-0.14886517769887317
418,0.9723832197193173,0.26990502211000733,-0.14887284451530455
419,0.97535387618923,0.26897097596268,-0.1488862614852627
420,0.9777944816335357,0.2681947304000082,-0.1489130955825042
421,0.9812249205798352,0.2671572573055817,-0.14891980413959682
422,0.9842006081818676,0.2662260932981769,-0.14889488670792553
423,0.9872124150957019,0.26528822766733084,-0.14882396885385826
424,0.9901416786060405,0.2644111083207171,-0.14877413556231628
425,0.9930696401685036,0.26356499081948653,-0.14870130359036865
426,0.9961378182234019,0.2626595958797986,-0.14865434695315366
427,0.9989317041655156,0.26178704197658026,-0.14866105500491306
428,1.0019691910722317,0.2608769252608767,-0.1486466806243138
429,1.004808468914677,0.2600240363494605,-0.14865147207783522
430,1.0076353653786716,0.2591733976473262,-0.14866680477398198
431,1.0105029433364827,0.2582803527404023,-0.14864955549562459
432,1.013399920658572,0.25741404396830486,-0.14864859720491994
433,1.0162765470556567,0.25654582286521493,-0.14863134801791883
434,1.0191443430740548,0.2557072702903831,-0.14860643267834708
435,1.022104084444229,0.2548233874355444,-0.1486016412875845
436,1.025074777390853,0.2539272351152849,-0.1486093075160057
437,1.0278975287953989,0.25304978788740257,-0.14865338866111164
438,1.0308398863763109,0.2521355111535707,-0.14864476404477334
439,1.0337445932851193,0.25125113695464707,-0.14854701990469885
440,1.0367471533157813,0.2503365738253722,-0.14849527413140562
441,1.0395842081436937,0.2494554864008126,-0.1484694015365489
442,1.0425252572679724,0.24859957406527855,-0.1484454456036068
443,1.0455949270997345,0.24765843005394095,-0.14841382402738115
444,1.048546924228902,0.24673696351258192,-0.1484195733832749
445,1.05140940247759,0.2458728463676445,-0.14838124452530937
446,1.0544455056871491,0.24495192843869887,-0.1483659131015707
447,1.0572335819792689,0.24411260320181544,-0.14835249816178334
448,1.0601543516248886,0.24321098611666686,-0.14835920562514607
449,1.0630370072810085,0.24236508993329334,-0.1482748841784339
450,1.0659766445625147,0.24153850139463126,-0.1482336824037584
451,1.0687763177464782,0.24070999015324618,-0.14816756895717362
452,1.0716467665625076,0.23987063998329333,-0.1481656526442926
453,1.0745552420869997,0.23897882221182493,-0.14814648957404336
454,1.0774714396160332,0.23811354913113691,-0.14810433119424204
455,1.0804936289102154,0.23722194111066117,-0.14804396895635294
456,1.0834010385940114,0.2363501282708311,-0.14800276993985784
457,1.086244853090996,0.23549280362809158,-0.14795582282271896
458,1.0892340508369203,0.2346295081009608,-0.14786288857490426
459,1.092142692623465,0.23374442338904386,-0.1478580982175104
460,1.0948845305356687,0.2329254077327785,-0.1478379787889759
461,1.0980340640091055,0.23198016047539866,-0.14778624365337828
462,1.1008188695664927,0.2310711715984384,-0.147700020147666
463,1.1038361464383932,0.23025406183833952,-0.14778528560261614
464,1.1065857875980414,0.22940200747136344,-0.14774696378972152
465,1.1095671742252555,0.2285350525507164,-0.14774887987027815
466,1.112545821585832,0.22760271748316166,-0.14772205483907566
467,1.1153956987685196,0.22676694252970797,-0.14768948186660733
468,1.1182465963151358,0.2259775498743384,-0.14767702757583653
469,1.1210700661147228,0.225119593722936,-0.14766553134722857
470,1.124057311596634,0.22424935443172078,-0.14778241145191537
471,1.127080663406849,0.2233959658472071,-0.1478322304023307
472,1.1298361638387373,0.2225748613011153,-0.14779678222931145
473,1.1328119471735933,0.22166524089319078,-0.14781115306645135
474,1.1356985963924886,0.22079494031139232,-0.1477785792546975
475,1.1385883237706487,0.21992699271177543,-0.14775654420312462
476,1.1415751112407413,0.2190056980343236,-0.1477172646768266
477,1.144510215974388,0.21810449288053213,-0.1477038522578252
478,1.147394201258857,0.2172319842492537,-0.1476933139650939
479,1.1501998055145284,0.2163887609433919,-0.14768564977236398
480,1.1531925155297007,0.2155016593361189,-0.14766265729604502
481,1.1561056856782423,0.21461685496305796,-0.14765307714267398
482,1.1589114850405455,0.21376728208995668,-0.14763966497252115
483,1.16183527111242,0.21288540092075575,-0.1476387069623551
484,1.1645979701894895,0.21206685106689938,-0.14764062298295152
485,1.1676006701977637,0.21114632780064174,-0.14769618804174672
486,1.1704608681788202,0.2103032282658529,-0.14768660779552797
487,1.1734723528089026,0.20940363405235424,-0.1477048102860313
488,1.1763258474259328,0.2085656675455302,-0.14768660779552706
489,1.1792135625671138,0.2076762653877012,-0.14769810409417525
490,1.1821276594809171,0.20681707473880337,-0.1476607412632502
491,1.1850968488257545,0.20590386472149838,-0.14765020310183724
492,1.1880963534308013,0.2049963569451155,-0.1476233788357879
493,1.1910603154744313,0.2040511938192539,-0.14757931085003825
494,1.1939766002994392,0.2031558442529669,-0.14756685695574584
495,1.1969191452963237,0.2022938400658581,-0.1475649409759847
496,1.1997207805006103,0.20144507388564212,-0.14754865519082475
497,1.2026440612213332,0.2006167786196524,-0.147520873734095
498,1.205657234393365,0.1996694859145746,-0.14747489112300077
499,1.208398004651936,0.19885288131506113,-0.14749309250022846
500,1.2114130265304932,0.19797268706210808,-0.14744232047611028
501,1.214177883454684,0.19714084354629885,-0.14746339556560403
502,1.2170495772959817,0.19628379183224953,-0.14745764780120862
503,1.219949937737467,0.1953893147436165,-0.14745381596357718
504,1.222895782514771,0.19449268237524492,-0.14746147964307812
505,1.225789888668147,0.19364257584269132,-0.1474451943443991
506,1.228702751468225,0.1927295094729163,-0.14751704182652045
507,1.231567319495379,0.19182250256135275,-0.14748159688243198
508,1.2346505677273538,0.19094832467406386,-0.147387717431412
509,1.2374740085755707,0.1900617250448251,-0.1473570634675546
510,1.240413623518033,0.1891778993948368,-0.14739059125442125
511,1.2432449845873272,0.1883095456662052,-0.14736089519821235
512,1.2462129429311621,0.1874523395191863,-0.1473350310984536
513,1.2490104346383202,0.1866291239560917,-0.14733982073200025
514,1.251952811116231,0.18575663237755005,-0.14732066223750856
515,1.254820308516568,0.18488949756999332,-0.14730437760041717
516,1.2576888505739412,0.18401044226141353,-0.14731491470980165
517,1.2605485319553174,0.18317948727973282,-0.14729192469423724
518,1.2634069412680764,0.18229605779061914,-0.1472430714171185
519,1.2662989288536115,0.18139453202209066,-0.14725648205213146
520,1.269231248501744,0.18049343033896378,-0.14728617721415865
521,1.2722114902663286,0.17961550280355654,-0.1473015038488674
522,1.275201265835362,0.1786675534324778,-0.14737813803858618
523,1.2780434572561374,0.1777957545287358,-0.14730437760041537
524,1.2809781461279595,0.17696648203811996,-0.14720762927410494
525,1.2838155480913709,0.17611692892311204,-0.14711279937393273
526,1.2868535310989582,0.17518775630120506,-0.14709843143320192
527,1.28959735318686,0.17434140232355513,-0.1471195044332824
528,1.2923969020131643,0.17354323508009437,-0.14717506113751416
529,1.2952210804022142,0.17272548132932294,-0.14715398780021285
530,1.2981528555119215,0.17185984778030486,-0.14713770394536888
531,1.3008923940791794,0.17101282547491348,-0.14713578820276318
532,1.3037745679810526,0.17013976745313142,-0.14711471510385404
533,1.306608827073918,0.1692869941895174,-0.1471195044332833
534,1.3094592925296147,0.168477511149657,-0.14711663083483412
535,1.3122266941979035,0.16764181492524058,-0.14713195672072038
536,1.3152014002170145,0.16668723327323373,-0.14712620950558566
537,1.3179600765502686,0.16581408135794087,-0.14719709249058713
538,1.3209321760124142,0.16494344859778504,-0.14714728267425906
539,1.32370714847867,0.16409692585651503,-0.1471424933065126
540,1.3266060069696513,0.16320397286251234,-0.1471166308348332
541,1.3294571581287093,0.162328485398321,-0.14699785751226774
542,1.3325584070262144,0.16138184602902322,-0.14696337569527604
543,1.3353988009223352,0.16051628229388346,-0.14693176766354676
544,1.3382083419242627,0.15968980387457207,-0.14694996619216807
545,1.3411965221304025,0.1588159828439843,-0.14693176766354857
546,1.3439769279916338,0.15800418103806285,-0.14693751455702903
547,1.3468267544276082,0.15713118460444492,-0.1469442192780997
548,1.3497983390334487,0.15626831443396594,-0.14691356923019275
549,1.3525608241340974,0.15543271044368298,-0.14689441308746526
550,1.355402364843251,0.15459245649817607,-0.14681300065801953
551,1.358089339092061,0.15385298416921137,-0.14674978761497967
552,1.3610112238156036,0.15297903662500748,-0.14675266091020542
553,1.36396615624761,0.1520517449430073,-0.1467248858223523
554,1.3669099061873717,0.1511544726389613,-0.14671530825724083
555,1.3697225077496926,0.15031617949930212,-0.1466722095402681
556,1.3727133323574934,0.1493972017222131,-0.14672009703650507
557,1.3756040304401098,0.1485559548613637,-0.14660421042704036
558,1.3785217014824864,0.14770727283728216,-0.14651801627541672
559,1.3814316069586625,0.14678172971245515,-0.14652759329810192
560,1.384311800157575,0.14595252510483864,-0.14652567789146
561,1.3870811539468118,0.14514334067346357,-0.1465103546762132
562,1.3899623458404087,0.14431241924307522,-0.14650843927904458
563,1.3927908238011943,0.1434454381766387,-0.14647491999891937
564,1.395822062052474,0.14256954852103132,-0.1464797084477786
565,1.3986696638903198,0.14171943986078545,-0.14644044336124235
566,1.4014822037794534,0.14087453855535975,-0.14640884007610663
567,1.40418932233601,0.14009666079923463,-0.1463705334476714
568,1.4071134985880773,0.13926312273057084,-0.1463513802911705
569,1.4098124385466066,0.13848502273019087,-0.14633414254020008
570,1.4127615298935505,0.13761217252934485,-0.14641650145227067
571,1.415704408549909,0.1367948048711941,-0.14641745912547277
572,1.4186219353073606,0.1359186125451994,-0.14637532175322412
573,1.4214864589505631,0.13498015957236995,-0.14640596706438444
574,1.4244509777503076,0.13410271699446763,-0.14636095685628006
575,1.4273221009018469,0.13326515488418922,-0.14625753134360506
576,1.4302307747860301,0.13236935798966112,-0.14622018399476405
577,1.4332310489623359,0.13147498641759708,-0.1462086925831632
578,1.4359695036320437,0.13066332083891244,-0.14618475226374916
579,1.4389116056483566,0.12975265749565051,-0.14618858270382837
580,1.4417501329591058,0.12888796616958753,-0.1461694305454246
581,1.4446697933508006,0.12805274294754856,-0.1461541088942949
582,1.4474195044765947,0.12722418761401633,-0.14612825376035235
583,1.4502645999028316,0.12632494841545872,-0.14610622916750074
584,1.4532632182704985,0.12546863172740194,-0.1460985684720852
585,1.4556670140595795,0.12473587267252319,-0.1461110171106635
586,1.458781141121267,0.12377846439024792,-0.1461196354248826
587,1.4618028192413295,0.12287077307232253,-0.14613974490737608
588,1.4648976728021483,0.12198730722623136,-0.146135914520837
589,1.4677636348718837,0.12113716236542299,-0.1461110171106626
590,1.4707288087246844,0.12020714262419811,-0.14607367132793386
591,1.4736745393131652,0.11931794959196756,-0.14606409555047398
592,1.4765289863239535,0.1184553228806721,-0.14602387757152313
593,1.4795626003545146,0.11759502633088122,-0.14600376875549703
594,1.4824208737035542,0.11675206936636627,-0.14602387757152313
595,1.4852231984710673,0.1159064780906845,-0.14597982983954483
596,1.4880704472342736,0.11503510341512334,-0.14599132049875363
597,1.4910151081509284,0.11417321261402885,-0.14599993851793375
598,1.4940018258414582,0.1132759536482824,-0.145957806181555
599,1.4967919049450846,0.11243318886613499,-0.14592812234013525
600,1.499549787390609,0.11164134710171861,-0.14591950449785254
601,1.5023851288529444,0.11083324364897534,-0.1458170495541606
602,1.50522433138866,0.1100042133002825,-0.1458716279827209
603,1.5082031875715907,0.10907389439892563,-0.1458649253228594
604,1.5111600517872152,0.10819144897988592,-0.14588120323336112
605,1.5140017176754454,0.10731142100766594,-0.14580651697289254
606,1.5170199985063162,0.10635512895953295,-0.1458285396789488
607,1.5198850057018563,0.1054897428479205,-0.1458256671442183
608,1.52297184583238,0.10460318642593631,-0.14573949219780274
609,1.5258813835641867,0.10377986703246928,-0.14571555508888673
610,1.5288540110860043,0.10290672358744042,-0.14577491941913587
611,1.5317387584955395,0.10204645626823197,-0.14578257940599212
612,1.5346987185517877,0.10118807132471667,-0.14576917443998533
613,1.5374903351516298,0.10036498333200701,-0.14577013193585625
614,1.5403565141133488,0.09951287158789483,-0.14575098206816883
615,1.5432330569590602,0.09865202277635668,-0.1457672594490286
616,1.546163516923181,0.09779736671091716,-0.14572512991282877
617,1.5490552755908358,0.09695880640138792,-0.14570023542499302
618,1.5517895208269061,0.09620022937390754,-0.14567821352546856
619,1.554728428606417,0.09530394010693752,-0.14567629858422318
620,1.557792352390357,0.09444311267889952,-0.14567917099648586
621,1.5607314981198377,0.09349373333587513,-0.14567055376676136
622,1.5637000212152568,0.09259059973891777,-0.14565331937087528
623,1.5666070783653734,0.09167818429487781,-0.14563225522429174
624,1.5696597631205582,0.09079742086990684,-0.14558342518935677
625,1.5725094172372724,0.08997495176200115,-0.14549151167353702
626,1.5757721562678777,0.08901789010405889,-0.14550108588575672
627,1.5783570510890659,0.08828369820287729,-0.14556331890199106
628,1.5811739491267922,0.08746348788225561,-0.14559587199643767
629,1.584029263545087,0.08660973917642895,-0.1455891698640578
630,1.5867406437285227,0.0858238005029082,-0.1456111912042607
631,1.5895130290698667,0.08501575959536022,-0.14557097842644526
632,1.5923357182963145,0.08415233335182784,-0.14554704246806385
633,1.595180680943902,0.08332714774975682,-0.14554129786235553
634,1.5979662423948424,0.08254439845123976,-0.14550970269908733
635,1.5998305185826207,0.08199704430905157,-0.1455106601240975
636,1.6035690381546486,0.08085073664658873,-0.14557768052406345
637,1.6060043312436683,0.08008075470605379,-0.14561980828806992
638,1.6093722857324868,0.07906962409227489,-0.14557959541144608
639,1.6121761736290563,0.07821850444118662,-0.1455441701640334
640,1.6152439217635006,0.0772361909555394,-0.14557576563772262
641,1.617921385043349,0.07644227690562597,-0.14558916986405684
642,1.6210749353680842,0.07552363617674462,-0.14554321272987888
643,1.6239469933768083,0.07471505295035882,-0.14554129786235553
644,1.6268835784384816,0.07383428512440783,-0.14553268097143077
645,1.6296946154975707,0.07302744830148766,-0.1455345958342518
646,1.632603959545487,0.07216658989028811,-0.145530766109653
647,1.6355010665377476,0.07131133720687319,-0.14553268097143077
648,1.6383101169870418,0.07047863791294298,-0.14551640467964538
649,1.6410282014279118,0.06964176285216063,-0.1454675762572553
650,1.6440759973318002,0.06874431758579992,-0.1454580021364482
651,1.6466219563657785,0.06806090294090429,-0.14540917452648852
652,1.6495414288908488,0.06722061728871466,-0.1453737509991609
653,1.652352092503006,0.0663306959802992,-0.14535939021149513
654,1.655262792594639,0.0654976468405328,-0.14536226236433053
655,1.6582185850111482,0.0646324879843448,-0.1453383278291238
656,1.6611184292769974,0.06373969082804627,-0.14533162618848836
657,1.6630391751025035,0.06313481084130819,-0.14534790162363792
658,1.6669589444418382,0.06196649247213827,-0.14533066881230078
659,1.6700038572444125,0.06114974563872978,-0.14521387087412296
660,1.6725458587052249,0.06039146430875121,-0.1452406766151191
661,1.675540996597,0.059488022504436265,-0.14524833543580448
662,1.6784075209807536,0.05869158875227058,-0.14524067661511822
663,1.6811452709949888,0.057863990175960764,-0.14526173841216058
664,1.6840776824458763,0.057021637538540025,-0.1452588663414952
665,1.6868013248899951,0.05621909812334318,-0.14523397516070913
666,1.6895610267685983,0.055396303143809764,-0.14519089468736626
667,1.6924061121892808,0.054540563027987286,-0.14515451603202312
668,1.6952327311086062,0.0537827877985496,-0.14511047921581105
669,1.6980274248445715,0.0529994952346355,-0.1451047353239025
670,1.7008642284636921,0.052177647013351654,-0.1451478147418181
671,1.7036936914096543,0.05138147024368877,-0.14514111346437952
672,1.7067092763237364,0.050534716032617194,-0.14514494276421017
673,1.7095340323644443,0.04966569141480426,-0.14517366264581857
674,1.7125497654538515,0.04873776496760481,-0.1452052547864938
675,1.7154101673201252,0.04787630785331819,-0.14519568138055763
676,1.7183663000203426,0.04703392153636836,-0.14510569263856712
677,1.7212188831249937,0.0462191346218471,-0.14513249755500593
678,1.72405284083146,0.04538051563669532,-0.14515547336023507
679,1.7268677946987414,0.04451759605298008,-0.14511430848229318
680,1.7297739510769234,0.04363954929277556,-0.14512866826872328
681,1.7326964768543602,0.04276414312740864,-0.14510090606783882
682,1.73554397544979,0.04194197873129466,-0.14504729692049026
683,1.7381712861765821,0.041149606986145976,-0.1450559126212383
684,1.7410992382661488,0.040288524034917395,-0.14498985945441895
685,1.743927075924401,0.039428620145855735,-0.14497645751383323
686,1.7468970024810957,0.03855107907319624,-0.1450051760204089
687,1.7498085232489828,0.037648619342597556,-0.14505208341830214
688,1.7526867739982654,0.03683289243288935,-0.14505112611821974
689,1.7556187270933705,0.03597968078166181,-0.14505686992262262
690,1.758601597375886,0.03505322918499681,-0.14502719370076342
691,1.761497280780927,0.0341753632293277,-0.14503580935230337
692,1.7644144122889858,0.03331652276087589,-0.14500709059584357
693,1.7674187005372315,0.03246330368231083,-0.14495826924747557
694,1.7703219999146542,0.03161337119116946,-0.14500996246094414
695,1.7731991194465808,0.030792289577564084,-0.14501091974983646
696,1.7760575288057778,0.029957654753425305,-0.1450109197498328
697,1.7789361537621216,0.029079797416248266,-0.14496975656266642
698,1.7817065143139321,0.028254053215135036,-0.1449601837974057
699,1.7846431844849369,0.027395298490072443,-0.14494295288551096
700,1.7874033148288577,0.02657080102864797,-0.14492763659015048
701,1.7901691690815182,0.02576918373309019,-0.1449142348863376
702,1.7930732942872396,0.02493666108713924,-0.14487020107561746
703,1.795929590923043,0.024090933936560612,-0.14489604694128447
704,1.7988030132253998,0.023224748782996258,-0.1448903033991985
705,1.8017622799711004,0.02232281478161771,-0.14487785909012596
706,1.80472349846681,0.021407801838399323,-0.14489126065556154
707,1.807653238605498,0.020502312457849118,-0.1449400810750563
708,1.8105596645886517,0.019648778958707445,-0.14495348287720833
709,1.8135913655341922,0.018788203735131667,-0.14489987597454565
710,1.8164560320200338,0.01799717582520263,-0.1448357402162722
711,1.8192443071836448,0.017164355563183683,-0.14491614941233255
712,1.8220720876994183,0.01633519379769663,-0.14487977359635132
713,1.8248961307847875,0.015530198043103877,-0.14487498733273516
714,1.827716479203521,0.014685954097030177,-0.1449008332335105
715,1.8306710233627008,0.01380444274792249,-0.14489987597454565
716,1.8334037435443162,0.01301927723421072,-0.1448606285808849
717,1.8351889710481217,0.0125014210615598,-0.14483765469962065
718,1.8390378868117183,0.01137703350125442,-0.1448051086241534
719,1.8420280628013936,0.010509091036282045,-0.14475054675993992
720,1.8449021056087043,0.009662139443073394,-0.14471704427918233
721,1.8475506283666587,0.008903649871611687,-0.14471895869808293
722,1.8507266399322062,0.007948939844076679,-0.14479553630620057
723,1.8537807605286143,0.006984698647651141,-0.14485871408506013
724,1.8568057816659003,0.006064069865435107,-0.14490657679276805
725,1.859817630606699,0.005245921826341677,-0.14490179049273907
726,1.8628285503242157,0.0044073158381898545,-0.14480989479287484
727,1.8655701037684291,0.0036185786155891277,-0.14482329609986894
728,1.8685114021729783,0.0027730020112783603,-0.14479553630620148
729,1.8712158834605255,0.0019102969144377258,-0.1448635003265767
730,1.8740844645098789,0.0011136641955738825,-0.14487115832651928
731,1.8768953731902638,0.0002712544781059915,-0.14487307282910666
732,1.8798458610364255,-0.0005929787050123574,-0.14486062858088217
733,1.8825445348842194,-0.0013998988039281024,-0.1448615858291882
734,1.8854444137327677,-0.00227910033138068,-0.14484435539951687
735,1.888299290517151,-0.0030909389835403057,-0.14482616781513738
736,1.8912365015287793,-0.003936697488838894,-0.14483191125269598
737,1.8940157416933052,-0.0047597932105115605,-0.14487307282910483
738,1.8969992705431875,-0.005693150462832321,-0.1448079803246063
739,1.8997951649921012,-0.006522320161141439,-0.1447792634253293
740,1.9026499403296657,-0.0074135274511578,-0.14478309233171802
741,1.9057422788223404,-0.008354832927719328,-0.14484531264340184
742,1.9086860941141754,-0.00920738953817401,-0.14476490506340087
743,1.9117796306651667,-0.010081014598418106,-0.14473523130067653
744,1.9145653758393169,-0.010895792667945882,-0.14476299061956233
745,1.9175553636851785,-0.011767000679745149,-0.1447639478413517
746,1.9203780213478714,-0.012606584057174875,-0.14473906015925514
747,1.9232888933148198,-0.013470296081985451,-0.14471800148850322
748,1.9262249669563158,-0.014346305800009675,-0.1446911997257356
749,1.929027283901563,-0.015136560137508555,-0.1446806705174986
750,1.931846647140024,-0.015970647184280515,-0.1446797133183077
751,1.9347636292253536,-0.01685446613220912,-0.1446529118463946
752,1.937584541779791,-0.017615419685096938,-0.14462611057803904
753,1.9404760938307053,-0.018464427818279987,-0.14458303753738447
754,1.9434047545349649,-0.01933947445115392,-0.14455910829742927
755,1.946324029612802,-0.020251840535880743,-0.14454666515674502
756,1.9493557501176615,-0.021134402105822236,-0.14451029315072675
757,1.9522099371273456,-0.022024750031193786,-0.14457442299232065
758,1.9552253733253162,-0.022931314652146692,-0.14457346582194194
759,1.9581286377692073,-0.023755931154676516,-0.14457442299232065
760,1.9610301516719189,-0.024623462159255854,-0.14452177900689822
761,1.9638421515664934,-0.025438660129786513,-0.14450742169251976
762,1.9666408538214804,-0.026248045956889687,-0.14450742169251884
763,1.9694290480143168,-0.02705461841057513,-0.14446147867863543
764,1.972303774856301,-0.027890866376609463,-0.14444903588185434
765,1.9752043872642058,-0.028749885523902025,-0.14444712160931272
766,1.9780445954655288,-0.029588305699282887,-0.14444137879791888
767,1.980755079146129,-0.030376802904545787,-0.14443850739571718
768,1.9835581248575498,-0.03117185407397049,-0.14441745051755486
769,1.9865195671922788,-0.03201073658137547,-0.144424150419725
770,1.989344698621143,-0.03277723414442251,-0.1444030936270979
771,1.992254757348761,-0.033585935547054566,-0.14438490831622766
772,1.9951351241130046,-0.034412177689589214,-0.14441170775437437
773,1.9980449109049816,-0.035268279350105174,-0.1444739215192351
774,2.0011570084891517,-0.03619720859924296,-0.1445179503840231
775,2.004127555343207,-0.03706844626662307,-0.14449115014010488
776,2.007097477745234,-0.03789964518232887,-0.14447679295021387
777,2.0099445920396954,-0.03871317540525722,-0.14449880733190237
778,2.012703123337241,-0.03956459551437,-0.14445765012111395
779,2.01563171273776,-0.04038712177771439,-0.14445477870569315
780,2.018178054628089,-0.04113763224638878,-0.14445573584390747
781,2.0215436743913417,-0.042153243579043556,-0.14443850739572078
782,2.0243037913626543,-0.04297212645421138,-0.14444903588185254
783,2.027172884257606,-0.04382876123629307,-0.14441457913479872
784,2.029864313173544,-0.04463720936529994,-0.14439256527782304
785,2.032788887755458,-0.045460774116445335,-0.14438490831622675
786,2.035739539898271,-0.046347696539371555,-0.14434279532387834
787,2.038621208134999,-0.04718830728986575,-0.14436193753094503
788,2.0414490641726033,-0.04803031277937323,-0.14435428063568315
789,2.044499281283496,-0.04895471257937899,-0.14437629425425527
790,2.0470759276848,-0.04975283351874157,-0.14442510754964652
791,2.0502435294379446,-0.05069337137451034,-0.14442510754964652
792,2.053185988229284,-0.051534167371391895,-0.14442319329006909
793,2.0561078746846797,-0.05240040051354274,-0.14435332352493993
794,2.0590016464700645,-0.05325819191096388,-0.1443322671541596
795,2.0617379212958458,-0.0540522833769142,-0.14431695350870108
796,2.0647707595801017,-0.054941036900851684,-0.1443370526819637
797,2.067640930862189,-0.055776973103415055,-0.14427866968513045
798,2.070431558476745,-0.0566162162698393,-0.14425569958985823
799,2.0733274507580735,-0.05748011782394666,-0.14426622753167867
800,2.076139312381054,-0.058305495790506146,-0.14425761375876633
801,2.0790246185185475,-0.059119270967666816,-0.14420306035059263
802,2.0817795285761456,-0.05991325717554082,-0.1442021032807628
803,2.0847243521314613,-0.060750734317579574,-0.14421550228193983
804,2.0876263308025766,-0.0616276411062935,-0.14417243424437004
805,2.090459961647419,-0.062483474054400426,-0.14415999246440217
806,2.0934278223979432,-0.06336993166124497,-0.14421741642910493
807,2.0964283432677076,-0.06432567718884222,-0.14425378542198392
808,2.0993196401512555,-0.0651432841282168,-0.14430738251396308
809,2.1022545573583518,-0.0660060016700535,-0.1442767555048302
810,2.1048797564861794,-0.0667582083987951,-0.1442155022819389
811,2.1064496517185667,-0.0672201409454128,-0.14419157552970877
812,2.1106241041205918,-0.06848455719519675,-0.14415807834828798
813,2.113300693416445,-0.06925825931595204,-0.14416764893920758
814,2.116438480757441,-0.07018746011714956,-0.14417913368246513
815,2.119276213906347,-0.07102255812077253,-0.14415520717605568
816,2.12212463803815,-0.0718570630968162,-0.14412840968083418
817,2.1249321672420693,-0.07267038086250446,-0.14408917085726025
818,2.1277391248937776,-0.07348385985080401,-0.14411596805555918
819,2.1305379142912995,-0.07430143829827934,-0.14405471761446612
820,2.133586187957887,-0.07517906551832591,-0.14404706138379308
821,2.1364961096962127,-0.07607524999882778,-0.14404993246835984
822,2.1393822489556142,-0.0769456698920747,-0.14409204197595119
823,2.1424281697336442,-0.0778448807066283,-0.1441695630604962
824,2.1453352659641176,-0.0787139008150342,-0.14417913368246693
825,2.1483189657678388,-0.07956793819317923,-0.14419348966393225
826,2.151238460962217,-0.08034009158643557,-0.144133194932965
827,2.1541548208652714,-0.0811745479052708,-0.14409778422031677
828,2.1568722561175506,-0.0820148109245308,-0.1440738582635389
829,2.1595890772639503,-0.08286913068621216,-0.14406141682987847
830,2.162477119615119,-0.08373090838567444,-0.1440738582635371
831,2.165350922789761,-0.08456630196512566,-0.14404706138379494
832,2.168036137014032,-0.08534619744113996,-0.14402887790224658
833,2.170841486059513,-0.08617308188656345,-0.14404801841172474
834,2.173612244905258,-0.08702016686490745,-0.14401643662653152
835,2.1764613087507025,-0.0878432334577631,-0.14399155420612458
836,2.1793168865762103,-0.08866434811049353,-0.14400782346123558
837,2.182275528594837,-0.08952486361521218,-0.14402600683474348
838,2.185125839197272,-0.0904328380282819,-0.1440633308937521
839,2.187984673762864,-0.09129958727240103,-0.14409874126194888
840,2.1908822943342705,-0.09212985820233341,-0.144126495581793
841,2.1939790277974116,-0.09308799591848868,-0.14409204197595213
842,2.1968510233848106,-0.09392754507548604,-0.1441073546482792
843,2.19978876158555,-0.09477621029289088,-0.14394848889127212
844,2.2026661184668086,-0.095591184356411,-0.144008780478571
845,2.2055819107234207,-0.09648800441878644,-0.14397049998683167
846,2.208534955500174,-0.09730144767196247,-0.14400399539448824
847,2.2114879813160133,-0.09815820000161199,-0.14399825330212573
848,2.2145073791280225,-0.09906276998352713,-0.14398964018101873
849,2.217360094803774,-0.09989407028880962,-0.14395805891602684
850,2.2201598758531533,-0.10071544201405455,-0.14398294110129475
851,2.223158040801717,-0.10157425799244375,-0.14395135989598387
852,2.2260557087705193,-0.10240910799898152,-0.14387097264262533
853,2.2290346929590457,-0.10326989223575227,-0.1438719296230208
854,2.2320119875459823,-0.10414413456262403,-0.14385853192098083
855,2.2349853804098543,-0.1051064893719051,-0.14391403701602623
856,2.2379701268651706,-0.10599304311302737,-0.14395423090302592
857,2.2409563380634583,-0.10686378436865433,-0.14392743492773274
858,2.2438599006771813,-0.10770443638744683,-0.1439685859730944
859,2.2468569911370846,-0.1085315903742589,-0.1439169079928428
860,2.249609243637513,-0.109334438740336,-0.14386427378708752
861,2.2525349350362927,-0.11024710363825832,-0.14385566099141434
862,2.2554625883653294,-0.11107089113364213,-0.14388532737565948
863,2.25819677362119,-0.11186051617897967,-0.14386618774452142
864,2.2611736390040553,-0.1127329388744457,-0.14385470401540668
865,2.2640824251067735,-0.11357312647020229,-0.14384322032346455
866,2.2670173653760974,-0.1144364182012325,-0.14384896216478876
867,2.269715292944802,-0.11520191365915303,-0.14383460757889993
868,2.2725787676545908,-0.11602781939747112,-0.14379250112862307
869,2.275642829426756,-0.11682853928127933,-0.14382790879202287
870,2.278578141950389,-0.11766170375609936,-0.14381929608462635
871,2.281592071289463,-0.11854405989500703,-0.14384896216478696
872,2.284557167312352,-0.11946576674963047,-0.14390638108920306
873,2.2874705149881724,-0.12032951537806182,-0.14401356556910544
874,2.2904898292244718,-0.12123955767557532,-0.1440145225879869
875,2.293537358710296,-0.12209913471316364,-0.14398676914530148
876,2.296498259120951,-0.12291482843326768,-0.14398007007100544
877,2.2992852352850135,-0.1237335042683371,-0.1439073380791504
878,2.302126563198148,-0.12459262608872076,-0.14391116604152854
879,2.3050946200173286,-0.12544535784712924,-0.14394083289006376
880,2.3079882482011618,-0.12628439012621534,-0.14393317690538954
881,2.3108792326085834,-0.12714748528045458,-0.14393891889234472
882,2.313734787457218,-0.12798886079564506,-0.14393317690538954
883,2.31651779408885,-0.12882808839125973,-0.14392456394239164
884,2.319395200638206,-0.12964068121084923,-0.14389968216679233
885,2.322346365143189,-0.13052316540238545,-0.14386810170298608
886,2.3252835659669366,-0.1314168700954089,-0.14389585421680762
887,2.3282168386820854,-0.13226825439371775,-0.14390638108920306
888,2.331174251736635,-0.1331803102718396,-0.14394466088860147
889,2.3341855734361596,-0.1341205087200722,-0.14401643662652971
890,2.3372103129157016,-0.13503911899848062,-0.144079600478427
891,2.340098175915857,-0.13587178471510758,-0.14408534270262152
892,2.34313044193339,-0.13675694155658613,-0.1441006553459897
893,2.346062622421051,-0.13756848843082226,-0.144086299740892
894,2.348951919960903,-0.13841861590930143,-0.14407768640576188
895,2.3519607618676073,-0.1393055167041652,-0.1440566316747195
896,2.354698884102416,-0.1401051804416783,-0.14406524495865713
897,2.3576052480261542,-0.1409672568100609,-0.1440748152987066
898,2.360595317053526,-0.14183671885586188,-0.14403940516966152
899,2.3634245850277162,-0.14264567138639966,-0.14401547960712954
900,2.3662364722619675,-0.14347300829639287,-0.14400112434714363
901,2.3691618070993514,-0.14430749175900076,-0.14398007007100636
902,2.3720794942646433,-0.1451464817778653,-0.14391595100031204
903,2.374866953298135,-0.14597628996500342,-0.1439704999868299
904,2.3779706095374866,-0.1469050048348707,-0.14408534270262152
905,2.3809987161038904,-0.14780894192353575,-0.14440405075131185
906,2.3842079299008514,-0.14882340219196089,-0.14480319415848136
907,2.3873016977426023,-0.14971902586145927,-0.14518706533750084
908,2.390465876444219,-0.15051323237053588,-0.1454656614310056
909,2.3934924484499702,-0.15123387750255907,-0.14566289402479793
910,2.39631608799991,-0.15200601935089372,-0.14583428475548027
911,2.3992075639575217,-0.1528093758192677,-0.14611676265111767
912,2.402203584587364,-0.1535493124351942,-0.14648545459509157
913,2.40529313639704,-0.1543518895758604,-0.14693943019030795
914,2.4082008699133373,-0.15503494879001423,-0.14737813803858618
915,2.4111720989474112,-0.1557389207953915,-0.14787534353520385
916,2.414267473540403,-0.15640735686345328,-0.1484473620721077
917,2.417301580211136,-0.15706582891809262,-0.14907602139246764
918,2.4204860492951927,-0.1577971081824148,-0.1498246213609333
919,2.423665745765705,-0.1585788040340872,-0.15067406430382724
920,2.426972123903533,-0.15951704163660152,-0.1516062034962803
921,2.430141112306536,-0.16022890269124276,-0.15244554084969297
922,2.4332610669181416,-0.16084592529797964,-0.15324670426612014
923,2.4367331306036992,-0.16154913096532456,-0.15415748155863077
924,2.4399957259620266,-0.16226511802270882,-0.15478912601036504
925,2.4431427083892983,-0.16299257976385972,-0.15549866994976266
926,2.4462540757714333,-0.16372246394905582,-0.15615746327163263
927,2.449605686847771,-0.1644711294148986,-0.15699699233579073
928,2.45261638469566,-0.16519686153622662,-0.1578578779843523
929,2.4557546031365436,-0.16596933391858212,-0.15872668153948916
930,2.4589453825630083,-0.16676350308657933,-0.15967167467720983
931,2.462076015826402,-0.16754827850837994,-0.16063329596160578
932,2.4654529422254763,-0.16843151077787252,-0.16172989769912796
933,2.468734326011167,-0.1693599908056122,-0.16290387405090276
934,2.472054127717114,-0.17044628066645331,-0.1642053821042941
935,2.475432137500121,-0.17137886137273692,-0.1654197769990477
936,2.4787898136700215,-0.1722624895987053,-0.16650552631991353
937,2.482025147415536,-0.17317503123516284,-0.16735454575552136
938,2.485111855756117,-0.17406889390158817,-0.16793964799306366
939,2.4879114461027068,-0.17494819066187092,-0.16824622064165107
940,2.4908424714891666,-0.17584435382143085,-0.16843133599684207
941,2.493803757280747,-0.17680316824191422,-0.1686029633848708
942,2.496654254964843,-0.17773569989472762,-0.16872831533247462
943,2.499549981638965,-0.1787607013655406,-0.1687736361515486
944,2.502369223553481,-0.17972746854569546,-0.16878424324909894
945,2.5051629351174474,-0.1806632610368626,-0.16882088623387778
946,2.5080913435416288,-0.18169750831625744,-0.1688334220930157
947,2.510829763755542,-0.18262894032529248,-0.16889320920800274
948,2.5137149568313024,-0.18362520714576083,-0.16900121471440915
949,2.5166785956418956,-0.18472556834468365,-0.16918734034216817
950,2.5197772213888956,-0.18591097166806153,-0.16940626952675558
951,2.5226609091318255,-0.1869638563885657,-0.1696030299275509
952,2.525597824547334,-0.18790434302924341,-0.16968115892064897
953,2.528547440474442,-0.18892981695870975,-0.1697004503399877
954,2.5313301769091954,-0.18990182394409896,-0.16969755661926075
955,2.534176177590646,-0.19088812996207546,-0.16972360020526456
956,2.5370281947322555,-0.19186180471435782,-0.16970816694209973
957,2.53988054195671,-0.19284305580400013,-0.1697303522826095
958,2.5428138995448806,-0.19383064091554217,-0.169691769186094
959,2.5456835237849167,-0.1948133837525642,-0.1697120252505244
960,2.5486390564109747,-0.19589951009227932,-0.16977954644307025
961,2.551502888993522,-0.19683695090994444,-0.16977472345085085
962,2.5543278825441305,-0.19786154757436544,-0.16986346773687228
963,2.5571471958135956,-0.19881873182716667,-0.16993099230523506
964,2.560116112059936,-0.19984643015925557,-0.17010656323340198
965,2.5631129225458804,-0.2009457293088793,-0.1703159111240296
966,2.5661116414731944,-0.2021076687591152,-0.17054553517159202
967,2.5689784652539607,-0.2031546983936526,-0.1707124577373622
968,2.57186812141018,-0.20412068120698126,-0.17078096620517383
969,2.574838102066232,-0.20502287068622463,-0.17089965357597398
970,2.57765465435203,-0.20599628885344468,-0.1709874659424027
971,2.5805344706459548,-0.2069356761221485,-0.17106273572426162
972,2.5833110754343367,-0.20790113534119592,-0.17105501565997772
973,2.586092494412086,-0.2088925205311198,-0.17101738063025898
974,2.589071884584817,-0.20992568332011774,-0.1710270305930013
975,2.5918128623855887,-0.21085047417504524,-0.17103282058550562
976,2.5947032843957127,-0.21186895097540553,-0.17107528087097423
977,2.597537551910689,-0.21287989383321815,-0.17112160186593017
978,2.6003385091501516,-0.21386063588956541,-0.17109168614177248
979,2.6031165190644616,-0.21479589824764644,-0.17113125216300656
980,2.6061086147221335,-0.21581606051584448,-0.17123547734505573
981,2.6090481907346854,-0.21683334364885268,-0.17137251965913633
982,2.6119758838361204,-0.21791228064761328,-0.17156072176068993
983,2.614899560023916,-0.21899538715161776,-0.1718136067650228
984,2.617903463023791,-0.2200840365294709,-0.171923647361187
985,2.6207901923563415,-0.22104324462868893,-0.17203369200158675
986,2.62386924236574,-0.2220407185393013,-0.17214663676173161
987,2.6266121676754692,-0.22302910800086687,-0.17217752837907044
988,2.6294739917933003,-0.22405997269094918,-0.17215918644278608
989,2.632219402760578,-0.2250070775224141,-0.17217173617651352
990,2.634994179436805,-0.22597809833803423,-0.1721340871333369
991,2.6379192939823928,-0.22698873547371415,-0.17211960685831912
992,2.6407440401078737,-0.22799111776253328,-0.17215146355590524
993,2.6435545795757904,-0.2289755304247043,-0.1721755976436372
994,2.6463291283452275,-0.2299458079777167,-0.1721302257198108
995,2.64914705553529,-0.23095939292528342,-0.17216594398517202
996,2.6520366923465413,-0.23197418924693927,-0.17219104356201184
997,2.654763960909116,-0.23292160371341442,-0.17225572421199317
998,2.6576974540856932,-0.23403007044284832,-0.17237253908218242
999,2.6605473052277295,-0.23512047668664268,-0.17251639176982153
1000,2.663444907298407,-0.23623396197517138,-0.1727104590671842
1001,2.666391070615578,-0.23723281096382198,-0.1728919861821041
1002,2.669368479007423,-0.23819425602514196,-0.17300399779311593
1003,2.6723210384037155,-0.23926790424899283,-0.17304938300770364
1004,2.6751277071521997,-0.24026788796153525,-0.1730068947010313
1005,2.677879782712787,-0.2412304247053427,-0.17301751672083396
1006,2.6806388834198005,-0.24219795131642968,-0.17300689470103037
1007,2.6833665941838474,-0.24315288998138543,-0.17300110088802173
1008,2.6862627886979995,-0.24419234929173284,-0.17300592906474563
1009,2.6889304825426623,-0.24513854179707878,-0.17299820398574955
1010,2.691666839413038,-0.24611024491255662,-0.17295378517053625
1011,2.6944895872432677,-0.24710249379298924,-0.17292191990697342
1012,2.6972663428063415,-0.24809908919736937,-0.17292481673502597
1013,2.698946574937781,-0.24869318102707555,-0.17296054451271095
1014,2.702720326248086,-0.25003876513600926,-0.1730657991068347
1015,2.706110967895525,-0.2513312020038657,-0.17332653753503358
1016,2.708800976897,-0.2523702366827186,-0.17349747847477004
1017,2.711600398832361,-0.25340428847885693,-0.173668429258252
1018,2.714556838101128,-0.25433860687353543,-0.1737563230438506
1019,2.717677730164877,-0.2553455757999162,-0.17389927674511052
1020,2.7207605650905315,-0.25639475439162007,-0.17401808811098685
1021,2.7236299788711142,-0.2574059178365922,-0.174004564625657
1022,2.726377705081369,-0.2583811115736066,-0.17399780290615338
1023,2.7291726930320586,-0.2594065982452205,-0.17395819885918135
1024,2.7321240595201512,-0.26045279156009776,-0.17400746251016783
1025,2.7350897563380743,-0.2615062238135052,-0.17404803319122816
1026,2.7379061261505653,-0.2625178948723918,-0.17401519021607012
1027,2.7407835228679773,-0.2635530288976272,-0.1740412713724352
1028,2.743748489563358,-0.26459396322936984,-0.17400746251016783
1029,2.746653044735849,-0.26563412432104877,-0.1740403053995845
1030,2.7496300306818777,-0.26668469118287214,-0.17413593824151008
1031,2.75262978089299,-0.26778896176179845,-0.1742943671265103
1032,2.7557162715637147,-0.26895746848403507,-0.17449917802632728
1033,2.758715444732877,-0.27009161128104736,-0.17470013837784257
1034,2.7617498773993114,-0.2711442963288112,-0.17486439498777198
1035,2.7648938845619355,-0.2721974323030364,-0.17492526887984805
1036,2.7678049045434556,-0.2731822201687966,-0.17498807659493035
1037,2.7705777358587387,-0.27417890634680137,-0.17506538023713594
1038,2.7735457040593503,-0.2752291426727839,-0.17505185195322573
1039,2.7763164406355827,-0.27620266337622496,-0.17506441392907915
1040,2.779138485029792,-0.2772254395478421,-0.1751146623686354
1041,2.7820190906505267,-0.2782504946467245,-0.17507600964668696
1042,2.7848501658494924,-0.27924488105927053,-0.1750711780921336
1043,2.7876580994409137,-0.28023935125720506,-0.17506054870003235
1044,2.790453636768199,-0.28124663494103713,-0.1750547508659732
1045,2.7932739722226283,-0.28228429059347176,-0.1751185276687502
1046,2.796082342016389,-0.28330449791299717,-0.17515138292473495
1047,2.799151780279562,-0.28445429773832637,-0.17527121108556007
1048,2.802172638053941,-0.28568278092551475,-0.17542100315448939
1049,2.8048628045255595,-0.2867483563469504,-0.175561138133081
1050,2.80720548528409,-0.2876098590552116,-0.17559786426797916
1051,2.810779783755409,-0.2888310974893505,-0.17561719399723583
1052,2.8135852940720354,-0.2897978275196907,-0.17565778684308164
1053,2.816504822358627,-0.29087279851716114,-0.1756819495179313
1054,2.819314865914826,-0.29191291575599043,-0.1756268589096051
1055,2.82208942900041,-0.29292961117867017,-0.17563845684646137
1056,2.824826188496468,-0.2939004709864023,-0.17561912697716106
1057,2.8276400587000166,-0.2949226555396651,-0.17563845684645862
1058,2.8304659434540804,-0.29594211278768984,-0.17560656263039268
1059,2.833124876253432,-0.2968597510774385,-0.17561912697716198
1060,2.835691434038047,-0.2978070858467331,-0.175546641101042
1061,2.838948400274118,-0.29894600310640207,-0.1755234459986659
1062,2.841880560042756,-0.3000286866765012,-0.17555340637375
1063,2.844752461821412,-0.30108156995809426,-0.17563265787230287
1064,2.8476342778848687,-0.30218960539760126,-0.17576797025583366
1065,2.850661837715051,-0.30340517852424487,-0.17587042521364865
1066,2.8535226317898243,-0.30443607992719535,-0.17597288375304687
1067,2.8563029278079033,-0.3054139580997857,-0.17604441353674175
1068,2.8593467634669416,-0.3064304561797142,-0.17614784482762866
1069,2.862116491870082,-0.30743669367824233,-0.1761739448897547
1070,2.8650559185741553,-0.3085233706473873,-0.17618167828620498
1071,2.8677238139745973,-0.3094755262002054,-0.17617587823694936
1072,2.8705234958732673,-0.31051073374743154,-0.1761236783109777
1073,2.8733178349177915,-0.31152454759384474,-0.17612077834238932
1074,2.876114852246662,-0.3125343294863006,-0.17614011152059092
1075,2.8789405011188416,-0.31358883160249384,-0.17613431155372045
1076,2.8817340319576794,-0.31457681856695,-0.17612367831097953
1077,2.884675026720621,-0.31563660373490005,-0.17611691172207264
1078,2.8874699797396692,-0.31663458608091577,-0.17616331150301023
1079,2.8904636241513537,-0.31773647382611253,-0.17622807909413643
1080,2.893357109447718,-0.31880495127126157,-0.17636245225287178
1081,2.89624773685989,-0.31986711393655975,-0.17651520046718436
1082,2.8994405391977236,-0.3210430316936135,-0.17673756974302512
1083,2.902439385453246,-0.32197847350745773,-0.17678591313214692
1084,2.9053563260889974,-0.32302619871908606,-0.17686809873275583
1085,2.908428801250073,-0.32415241968920255,-0.17695608823789247
1086,2.911441383630782,-0.32518106603825797,-0.17699669967476542
1087,2.9143802933333856,-0.3262210843908772,-0.1770131377982443
1088,2.91722964852687,-0.3272559476889209,-0.17702184037175422
1089,2.9203066620165563,-0.3283905868023866,-0.17702957601447855
1090,2.9232335553214135,-0.32945732482152545,-0.17697736082470797
1091,2.9261682472470003,-0.33053181702106527,-0.1769918649502172
1092,2.9289755021625985,-0.3315358556643808,-0.17698509634932733
1093,2.9318508337124385,-0.3325668130396957,-0.17700636914793047
1094,2.9348058077753207,-0.33367092579004476,-0.1770324768857956
1095,2.937718217217471,-0.33471808670343817,-0.17707308938760774
1096,2.940758493059201,-0.3358409984402593,-0.17712143834252492
1097,2.943948762626464,-0.3370607305738897,-0.17723264398626495
1098,2.946905808455701,-0.33818364148385543,-0.17736706343789893
1099,2.9499094607671608,-0.3392769269394522,-0.17742992358699822
1100,2.9529800105902573,-0.3403649966918795,-0.1775740235209302
1101,2.9559785834201606,-0.341478853777224,-0.1776175450406063
1102,2.9588629763203875,-0.34249921191976324,-0.17764462542648968
1103,2.9618278725583136,-0.3435724158406632,-0.17760980783388589
1104,2.964671435048205,-0.34461589418900573,-0.17756725356537245
1105,2.967562815386579,-0.3456466699500808,-0.17757208924630488
1106,2.970400311417265,-0.34670851232320726,-0.17758949776431915
1107,2.973190856687727,-0.34776560940390905,-0.17755661509566148
1108,2.975951308274705,-0.34876844253191874,-0.17751793007968575
1109,2.978767215591592,-0.34979374092983045,-0.17749181798509261
1110,2.9815083548545585,-0.35081858049722364,-0.17744829834886036
1111,2.984405284036299,-0.35182425882954965,-0.17753533827312815
1112,2.9874249315265673,-0.3529505778039915,-0.17764075678447053
1113,2.9904330309813836,-0.35412639320180517,-0.17779163764391342
1114,2.9934300371222142,-0.3553301444161078,-0.1779057706858985
1115,2.996329573532736,-0.3563195678975977,-0.1779202794452462
1116,2.999289095073729,-0.35731106054466055,-0.1779647734266733
1117,3.0022792061294075,-0.3583467149542884,-0.17806827293900554
1118,3.005145211557902,-0.35937496523182316,-0.17812631166674184
1119,3.0081075666250743,-0.3604299465882552,-0.17814372351185864
1120,3.011063872554354,-0.3615224515415182,-0.1781437235118577
1121,3.0139596697626385,-0.36259453918962675,-0.17813501757621364
1122,3.016773082325404,-0.3636484149660739,-0.17817371082387246
1123,3.0195645550163683,-0.3646659728363369,-0.17813888687771198
1124,3.022514966270049,-0.36574093342880093,-0.1781621027952855
1125,3.0253808304596608,-0.36680748096331695,-0.1780905209805176
1126,3.0283168293401848,-0.36788265076971616,-0.17807891328536793
1127,3.0312235933800946,-0.3689404575805133,-0.17810793261046562
1128,3.0341353366357238,-0.3700337560365596,-0.1781698414758402
1129,3.0372971269004423,-0.37129491798107284,-0.1783371955043402
1130,3.0401731092698183,-0.3724293946317227,-0.1784010441008434
1131,3.043180001567147,-0.37351702966856104,-0.1784852103138624
1132,3.046054706422266,-0.37450157419223135,-0.17853261535170958
1133,3.0490488852635687,-0.3755200735432992,-0.1786264602712547
1134,3.0520805464315988,-0.3766106486735197,-0.1786903152585029
1135,3.0549738369150705,-0.377641397419808,-0.17875223659474312
1136,3.0581582880782987,-0.37879594404691364,-0.17878706793008875
1137,3.060797637806626,-0.3797463894334823,-0.17885189403462645
1138,3.0635009239495,-0.38073365145297444,-0.1788576994284785
1139,3.066383765938978,-0.38178778220297166,-0.17885963456235796
1140,3.069262959645178,-0.38284183267569244,-0.17884512108989858
1141,3.0719912270953595,-0.3838480296828421,-0.17886060212978763
1142,3.074907782023476,-0.3849390368627354,-0.17882964013308353
1143,3.0777273226258455,-0.3859235343820761,-0.17883738060110946
1144,3.0806673495931323,-0.3870606595607443,-0.1789322030200028
1145,3.083641659382459,-0.38824176186080817,-0.1790947629930669
1146,3.0865144270293716,-0.3893770409386956,-0.179168305041035
1147,3.0895560601770704,-0.3905463288066409,-0.1792612029436923
1148,3.0924967782698,-0.39157678204288576,-0.17934442652711735
1149,3.0955590961013577,-0.3926591097307159,-0.17940249091767488
1150,3.0983456858120477,-0.39367583112615573,-0.17940829742118544
1151,3.1012371421462936,-0.39473156724726577,-0.17945087880507052
1152,3.104069162694714,-0.39576741651234987,-0.17945958871125633
1153,3.106967593137493,-0.3968495125322438,-0.17943345907183317
1154,3.1098055726014193,-0.39789615023734753,-0.17949152525963105
1155,3.112590289916281,-0.3989194418319081,-0.17944991103934552
1156,3.1154896563478403,-0.40004940716324483,-0.17944991103934368
1157,3.1183499608683802,-0.40108396569583094,-0.17942765251753384
1158,3.121049093892328,-0.4020574177619866,-0.17941507169009185
1159,3.123980938677897,-0.40310517865264545,-0.17933474924260603
1160,3.1268956874788225,-0.4041630701668521,-0.17937539405625483
1161,3.1303517607984164,-0.40550459162377106,-0.17950023528893064
1162,3.1328658738473143,-0.4065271922622844,-0.17963669586022887
1163,3.1357911729308743,-0.40769716821178376,-0.17971605888914075
1164,3.1387102610117186,-0.40880058462726515,-0.17978768106610485
1165,3.141810674478075,-0.4098960972199886,-0.1798331717549333
1166,3.144656479941862,-0.4109374606998483,-0.17988253480739663
1167,3.1475754876702493,-0.41201250997545147,-0.1799202835969488
1168,3.150477886101882,-0.4130920199224984,-0.179968680207592
1169,3.1534680993926907,-0.4141736910754616,-0.1800132058106144
1170,3.156295807185331,-0.4152313353048171,-0.18000062241794543
1171,3.1591733018100037,-0.41630003005942184,-0.18005289225690863
1172,3.1620088133459294,-0.4173444844528661,-0.18002094946432073
1173,3.16465257952229,-0.4183644117996632,-0.1799638405097819
1174,3.1675311502580947,-0.4194414991846291,-0.17995706494657207
1175,3.170422174874246,-0.4204971567854275,-0.17995803288319437
1176,3.173308646812095,-0.4215555084865629,-0.17996771226737485
1177,3.1761280720847367,-0.42265722991571403,-0.18005676413473876
1178,3.1791602750796906,-0.4238363026296628,-0.1802271319377471
1179,3.182195107603862,-0.42501001581946435,-0.1803820205521155
1180,3.185175704758417,-0.42613253365184345,-0.1804739896325954
1181,3.188185859454766,-0.4271212593911742,-0.18054563075436067
1182,3.1911935958575848,-0.4281246401331265,-0.18064631860807798
1183,3.1941429935243844,-0.42922803987985797,-0.1807363597891381
1184,3.1970735627102185,-0.4302724525263413,-0.1808205944309713
1185,3.1994223184382857,-0.4312440208853128,-0.1807760562648649
1186,3.2005290569773566,-0.4320759897040412,-0.18045753179050047
1187,3.2015603453220423,-0.43286995875415635,-0.18012839481791057
1188,3.202920003704506,-0.43348008378131414,-0.180039340725682
1189,3.2039656444543363,-0.4338633216401178,-0.17998223140489977
1190,3.2046970153861545,-0.43411631769898024,-0.1799725519717188
1191,3.2052725179077237,-0.43431991817642285,-0.18002869313893718
1192,3.2057030020856287,-0.4344958513427467,-0.18009354723493798
1193,3.205925265026634,-0.43460284180235087,-0.18018260301147646
1194,3.206091787254201,-0.4346585739505098,-0.18027746981841652
1195,3.20616936233963,-0.43467346770737697,-0.1803123196387561
1196,3.2061849248784333,-0.43465405260575407,-0.18029586272629575
1197,3.2061762179246545,-0.4346411327099134,-0.1802861822337376
1198,3.2061527078547503,-0.43462802427457753,-0.18026585330588737
1199,3.2061312291662567,-0.43460354523386474,-0.18024842862544116
1200,3.2061109419000573,-0.43458579738629755,-0.18024262042218478
1201,3.206124273075025,-0.4345708328044449,-0.18025714095240972
1202,3.2061416809205867,-0.4345537178520495,-0.18026391722504534
1203,3.2061499499294994,-0.4345265606945322,-0.18027940590841648
1204,3.206151638965583,-0.4345185904615205,-0.18028521418628138
1205,3.206148737490011,-0.43452141167532354,-0.18027940590841832
1206,3.2061534256860584,-0.43451780735557793,-0.18027843786325287
1207,3.206163755131008,-0.4345130093622787,-0.1802610131062406
1208,3.2061702303895356,-0.4345086215129711,-0.18025326880381776
1209,3.2061702303895356,-0.4345086215129711,-0.18025326880381776
1210,3.2061692572803624,-0.4345076045513274,-0.18025230076748824
1211,3.2061692572803624,-0.4345076045513274,-0.18025230076748824
1212,3.206172529977103,-0.43450646336099685,-0.18024649255637848
1213,3.2061747081777985,-0.4345059661876831,-0.18024455648862725
1214,3.2061748187213435,-0.43450509609333987,-0.1802455245223402
1215,3.206173443920998,-0.4345045838480654,-0.18024552452233836
1216,3.206173443920998,-0.4345045838480654,-0.18024552452233836
1217,3.20617551159264,-0.4345049567565599,-0.18024262042218295
1218,3.2061786629056956,-0.4345054765143671,-0.18024165238945156
1219,3.2061782611988106,-0.4345059812241922,-0.18024262042218112
1220,3.206176484691998,-0.43450597369285765,-0.18024358845523966
1221,3.206176484691998,-0.43450597369285765,-0.18024358845523966
1222,3.206177859493799,-0.4345064859328016,-0.18024358845523966
1223,3.2061796360005324,-0.4345064934597038,-0.18024262042218295
1224,3.2061796360005324,-0.4345064934597038,-0.18024262042218295
1225,3.206178261198002,-0.43450598122242295,-0.18024262042218112
1226,3.2061778594929904,-0.4345064859310323,-0.18024358845523966
1227,3.2061792342947926,-0.4345069981709768,-0.18024358845523966
1228,3.206179635998763,-0.43450649346051257,-0.18024262042218295
1229,3.206179746533928,-0.4345056233674065,-0.1802435884552415
1230,3.2061792342939848,-0.4345069981692077,-0.1802435884552406
1231,3.2061793448336884,-0.434506128075613,-0.18024455648862636
1232,3.206179234295754,-0.43450699816839894,-0.1802435884552406
1233,3.206179234295754,-0.43450699816839894,-0.1802435884552406
1234,3.206179234295754,-0.43450699816839894,-0.1802435884552406
1235,3.206179234295754,-0.43450699816839894,-0.1802435884552406
1236,3.206179234295754,-0.43450699816839894,-0.1802435884552406
1237,3.206179234295754,-0.43450699816839894,-0.1802435884552406
1238,3.206179234295754,-0.43450699816839894,-0.1802435884552406
1239,3.206179234295754,-0.43450699816839894,-0.1802435884552406
1240,3.206179234295754,-0.43450699816839894,-0.1802435884552406
1241,3.206179234295754,-0.43450699816839894,-0.1802435884552406
1242,3.206179234295754,-0.43450699816839894,-0.1802435884552406
1243,3.206179234295754,-0.43450699816839894,-0.1802435884552406
1244,3.206179234295754,-0.43450699816839894,-0.1802435884552406
1245,3.206179234295754,-0.43450699816839894,-0.1802435884552406
1246,3.2061793448354576,-0.43450612807480427,-0.18024455648862636
1247,3.2061792342975237,-0.4345069981675902,-0.1802435884552406
1248,3.2061792342975237,-0.4345069981675902,-0.1802435884552406
1249,3.2061792342975237,-0.4345069981675902,-0.1802435884552406
1250,3.2061793448372273,-0.4345061280739955,-0.18024455648862636
1251,3.206179234299293,-0.43450699816678146,-0.1802435884552406
1252,3.206179234299293,-0.43450699816678146,-0.1802435884552406
1253,3.206179234299293,-0.43450699816678146,-0.1802435884552406
1254,3.206179234299293,-0.43450699816678146,-0.1802435884552406
1255,3.206179234299293,-0.43450699816678146,-0.1802435884552406
1256,3.2061793448389966,-0.4345061280731868,-0.18024455648862636
1257,3.206179234301062,-0.4345069981659727,-0.1802435884552406
1258,3.206179234301062,-0.4345069981659727,-0.1802435884552406
1259,3.206179234301062,-0.4345069981659727,-0.1802435884552406
1260,3.206179234301062,-0.4345069981659727,-0.1802435884552406
1261,3.206179344840766,-0.43450612807237804,-0.18024455648862636
1262,3.2061792343028315,-0.43450699816516397,-0.1802435884552406
1263,3.2061792343028315,-0.43450699816516397,-0.1802435884552406
1264,3.2061792343028315,-0.43450699816516397,-0.1802435884552406
1265,3.2061792343028315,-0.43450699816516397,-0.1802435884552406
1266,3.206179344842535,-0.4345061280715693,-0.18024455648862636
1267,3.2061792343046007,-0.43450699816435523,-0.1802435884552406
1268,3.2061792343046007,-0.43450699816435523,-0.1802435884552406
1269,3.2061792343046007,-0.43450699816435523,-0.1802435884552406
1270,3.2061793448443043,-0.43450612807076056,-0.18024455648862636
1271,3.2061792343063704,-0.4345069981635465,-0.1802435884552406
1272,3.2061792343063704,-0.4345069981635465,-0.1802435884552406
1273,3.2061793448460736,-0.4345061280699518,-0.18024455648862636
1274,3.2061792343081397,-0.43450699816273775,-0.1802435884552406
1275,3.2061792343081397,-0.43450699816273775,-0.1802435884552406
1276,3.2061792343081397,-0.43450699816273775,-0.1802435884552406
1277,3.2061793448478433,-0.43450612806914307,-0.18024455648862636
1278,3.2061793448478433,-0.43450612806914307,-0.18024455648862636
1279,3.206179234309909,-0.434506998161929,-0.1802435884552406
1280,3.206179234309909,-0.434506998161929,-0.1802435884552406
1281,3.206179234309909,-0.434506998161929,-0.1802435884552406
1282,3.2061793448496125,-0.43450612806833433,-0.18024455648862636
1283,3.2061793448496125,-0.43450612806833433,-0.18024455648862636
1284,3.206179234311678,-0.43450699816112026,-0.1802435884552406
1285,3.206179344851382,-0.4345061280675256,-0.18024455648862636
1286,3.206179344851382,-0.4345061280675256,-0.18024455648862636
1287,3.206179344851382,-0.4345061280675256,-0.18024455648862636
1288,3.206179344851382,-0.4345061280675256,-0.18024455648862636
1289,3.206179344851382,-0.4345061280675256,-0.18024455648862636
1290,3.2061792343134474,-0.4345069981603115,-0.1802435884552406
1291,3.206179344853151,-0.43450612806671685,-0.18024455648862636
1292,3.2061792343152167,-0.4345069981595028,-0.1802435884552406
1293,3.2061793448549203,-0.4345061280659081,-0.18024455648862636
1294,3.2061793448549203,-0.4345061280659081,-0.18024455648862636
1295,3.2061792343169864,-0.434506998158694,-0.1802435884552406
1296,3.20617934485669,-0.43450612806509936,-0.18024455648862636
1297,3.2061792343187556,-0.43450699815788524,-0.1802435884552406
1298,3.2061792343187556,-0.43450699815788524,-0.1802435884552406
1299,3.2061793448584592,-0.4345061280642906,-0.18024455648862636
1300,3.206179234320525,-0.4345069981570765,-0.1802435884552406
1301,3.206179234320525,-0.4345069981570765,-0.1802435884552406
1302,3.206179234320525,-0.4345069981570765,-0.1802435884552406
1303,3.2061793448602285,-0.4345061280634819,-0.18024455648862636
1304,3.2061793448602285,-0.4345061280634819,-0.18024455648862636
1305,3.2061793448602285,-0.4345061280634819,-0.18024455648862636
1306,3.2061793448602285,-0.4345061280634819,-0.18024455648862636
1307,3.2061793448602285,-0.4345061280634819,-0.18024455648862636
1308,3.2061793448602285,-0.4345061280634819,-0.18024455648862636
1309,3.2061793448602285,-0.4345061280634819,-0.18024455648862636
1310,3.2061793448602285,-0.4345061280634819,-0.18024455648862636
1311,3.2061793448602285,-0.4345061280634819,-0.18024455648862636
1312,3.2061793448602285,-0.4345061280634819,-0.18024455648862636
1313,3.2061793448602285,-0.4345061280634819,-0.18024455648862636
1314,3.2061793448602285,-0.4345061280634819,-0.18024455648862636
1315,3.2061793448602285,-0.4345061280634819,-0.18024455648862636
1316,3.2061793448602285,-0.4345061280634819,-0.18024455648862636
1317,3.2061793448602285,-0.4345061280634819,-0.18024455648862636
1318,3.2061793448602285,-0.4345061280634819,-0.18024455648862636
1319,3.2061793448602285,-0.4345061280634819,-0.18024455648862636
1320,3.2061793448602285,-0.4345061280634819,-0.18024455648862636
1321,3.2061793448602285,-0.4345061280634819,-0.18024455648862636
1322,3.206179234322294,-0.43450699815626775,-0.1802435884552406
1323,3.2061793448619977,-0.43450612806267314,-0.18024455648862636
1324,3.2061793448619977,-0.43450612806267314,-0.18024455648862636
1325,3.2061793448619977,-0.43450612806267314,-0.18024455648862636
1326,3.2061793448619977,-0.43450612806267314,-0.18024455648862636
1327,3.2061792343240634,-0.434506998155459,-0.1802435884552406
1328,3.206179344863767,-0.4345061280618644,-0.18024455648862636
1329,3.206179344863767,-0.4345061280618644,-0.18024455648862636
1330,3.206179344863767,-0.4345061280618644,-0.18024455648862636
1331,3.206179234325833,-0.43450699815465027,-0.1802435884552406
1332,3.2061793448655362,-0.43450612806105565,-0.18024455648862636
1333,3.2061793448655362,-0.43450612806105565,-0.18024455648862636
1334,3.2061793448655362,-0.43450612806105565,-0.18024455648862636
1335,3.2061793448655362,-0.43450612806105565,-0.18024455648862636
1336,3.2061793448655362,-0.43450612806105565,-0.18024455648862636
1337,3.2061793448655362,-0.43450612806105565,-0.18024455648862636
1338,3.2061793448655362,-0.43450612806105565,-0.18024455648862636
1339,3.2061793448655362,-0.43450612806105565,-0.18024455648862636
1340,3.2061793448655362,-0.43450612806105565,-0.18024455648862636
1341,3.2061793448655362,-0.43450612806105565,-0.18024455648862636
1342,3.2061792343276023,-0.43450699815384153,-0.1802435884552406
1343,3.206179344867306,-0.4345061280602469,-0.18024455648862636
1344,3.2061792343293716,-0.4345069981530328,-0.1802435884552406
1345,3.206179344869075,-0.4345061280594381,-0.18024455648862636
1346,3.206179234331141,-0.43450699815222404,-0.1802435884552406
1347,3.206179234331141,-0.43450699815222404,-0.1802435884552406
1348,3.2061793448708444,-0.43450612805862937,-0.18024455648862636
1349,3.20617923433291,-0.4345069981514153,-0.1802435884552406
1350,3.2061793448726137,-0.43450612805782063,-0.18024455648862636
1351,3.2061793448726137,-0.43450612805782063,-0.18024455648862636
1352,3.2061793448726137,-0.43450612805782063,-0.18024455648862636
1353,3.2061793448726137,-0.43450612805782063,-0.18024455648862636
1354,3.2061793448726137,-0.43450612805782063,-0.18024455648862636
1355,3.2061793448726137,-0.43450612805782063,-0.18024455648862636
1356,3.2061793448726137,-0.43450612805782063,-0.18024455648862636
1357,3.2061793448726137,-0.43450612805782063,-0.18024455648862636
1358,3.2061793448726137,-0.43450612805782063,-0.18024455648862636
1359,3.2061792343346793,-0.43450699815060656,-0.1802435884552406
1360,3.206179344874383,-0.4345061280570119,-0.18024455648862636
1361,3.206179344874383,-0.4345061280570119,-0.18024455648862636
1362,3.206179344874383,-0.4345061280570119,-0.18024455648862636
1363,3.206179344874383,-0.4345061280570119,-0.18024455648862636
1364,3.206179344874383,-0.4345061280570119,-0.18024455648862636
1365,3.206179234336449,-0.4345069981497978,-0.1802435884552406
1366,3.2061793448761526,-0.43450612805620314,-0.18024455648862636
1367,3.2061793448761526,-0.43450612805620314,-0.18024455648862636
1368,3.2061793448761526,-0.43450612805620314,-0.18024455648862636
1369,3.2061793448761526,-0.43450612805620314,-0.18024455648862636
1370,3.2061792343382183,-0.4345069981489891,-0.1802435884552406
1371,3.206179344877922,-0.4345061280553944,-0.18024455648862636
1372,3.206179344877922,-0.4345061280553944,-0.18024455648862636
1373,3.206179344877922,-0.4345061280553944,-0.18024455648862636
1374,3.206179344877922,-0.4345061280553944,-0.18024455648862636
1375,3.206179344877922,-0.4345061280553944,-0.18024455648862636
1376,3.206179344877922,-0.4345061280553944,-0.18024455648862636
1377,3.206179344877922,-0.4345061280553944,-0.18024455648862636
1378,3.206179344877922,-0.4345061280553944,-0.18024455648862636
1379,3.206179344877922,-0.4345061280553944,-0.18024455648862636
1380,3.206179344877922,-0.4345061280553944,-0.18024455648862636
1381,3.206179344877922,-0.4345061280553944,-0.18024455648862636
1382,3.206179344877922,-0.4345061280553944,-0.18024455648862636
1383,3.2061792343399875,-0.43450699814818033,-0.1802435884552406
1384,3.206179344879691,-0.43450612805458566,-0.18024455648862636
1385,3.206179344879691,-0.43450612805458566,-0.18024455648862636
1386,3.206179344879691,-0.43450612805458566,-0.18024455648862636
1387,3.206179344879691,-0.43450612805458566,-0.18024455648862636
1388,3.206179344879691,-0.43450612805458566,-0.18024455648862636
1389,3.206179344879691,-0.43450612805458566,-0.18024455648862636
1390,3.206179344879691,-0.43450612805458566,-0.18024455648862636
1391,3.206179234341757,-0.4345069981473716,-0.1802435884552406
1392,3.2061793448814604,-0.4345061280537769,-0.18024455648862636
1393,3.2061793448814604,-0.4345061280537769,-0.18024455648862636
1394,3.2061793448814604,-0.4345061280537769,-0.18024455648862636
1395,3.2061793448814604,-0.4345061280537769,-0.18024455648862636
1396,3.2061793448814604,-0.4345061280537769,-0.18024455648862636
1397,3.206179234343526,-0.43450699814656285,-0.1802435884552406
1398,3.2061793448832296,-0.4345061280529682,-0.18024455648862636
1399,3.2061792343452957,-0.4345069981457541,-0.1802435884552406
1400,3.2061793448849993,-0.43450612805215943,-0.18024455648862636
1401,3.2061793448849993,-0.43450612805215943,-0.18024455648862636
1402,3.2061793448849993,-0.43450612805215943,-0.18024455648862636
1403,3.2061793448849993,-0.43450612805215943,-0.18024455648862636
1404,3.2061793448849993,-0.43450612805215943,-0.18024455648862636
1405,3.2061793448849993,-0.43450612805215943,-0.18024455648862636
1406,3.2061793448849993,-0.43450612805215943,-0.18024455648862636
1407,3.2061793448849993,-0.43450612805215943,-0.18024455648862636
1408,3.2061793448849993,-0.43450612805215943,-0.18024455648862636
1409,3.2061793448849993,-0.43450612805215943,-0.18024455648862636
1410,3.2061793448849993,-0.43450612805215943,-0.18024455648862636
